collection_id,movie_id,collection_name
368982,32834,mvp
754381,77908,trois
91588,15152,oss_117
362722,56033,fimfarum
544031,328940,nightmare
701644,81870,dragon_inn
129453,14681,eating_out
3292,3097,tulse_luper
603504,221963,yugo_lala
643572,18406,chained_heat
272416,12697,lauras_stern
514978,12663,red_scorpion
470522,277519,storm_series
372070,337211,the_watchers
160952,15034,camera_cafe
362554,15681,ex_collection
390205,138969,fool_for_love
477962,346364,it_collection
477962,474350,it_collection
666953,10628,kangaroo_jack
393744,298483,kiss_them_all
701135,321050,mucize_serisi
399925,223988,v8_collection
125570,53182,300_collection
125570,1271,300_collection
387618,8224,8mm_collection
115762,395,avp_collection
115762,440,avp_collection
86797,13491,arn_collection
86797,13522,arn_collection
687929,392207,baztan_trilogy
687929,613099,baztan_trilogy
86774,8880,che_collection
86774,8881,che_collection
44724,41109,don_collection
171439,16820,f_x_collection
171439,9873,f_x_collection
88735,10345,k_9_collection
663490,58637,kurtlar_vadisi
663490,11818,kurtlar_vadisi
456778,272878,max_collection
163902,146216,red_collection
163902,39514,red_collection
229932,46195,rio_collection
229932,172385,rio_collection
656,41439,saw_collection
656,176,saw_collection
656,214,saw_collection
656,215,saw_collection
656,11917,saw_collection
656,663,saw_collection
656,22804,saw_collection
656,298250,saw_collection
266672,72105,ted_collection
266672,214756,ted_collection
428046,208763,viy_collection
428046,428045,viy_collection
52785,11679,xxx_collection
52785,47971,xxx_collection
52785,7451,xxx_collection
338313,92069,argo_collection
9435,9447,babe_collection
9435,9598,babe_collection
381396,10496,bats_collection
87118,49013,cars_collection
87118,920,cars_collection
87118,260514,cars_collection
634390,8814,doom_collection
433061,45839,fred_collection
2366,17692,jaws_collection
2366,578,jaws_collection
2366,579,jaws_collection
2366,580,jaws_collection
736592,591101,mardaani_saga
498578,498580,muni_collection
141615,25741,niko_collection
141615,141614,niko_collection
377545,12496,samurai_trilogy
285879,15434,seed_collection
544670,335797,sing_collection
253537,61410,spud_collection
63043,97,tron_collection
63043,20526,tron_collection
211721,2334,taxi_collection
131296,10195,thor_collection
131296,76338,thor_collection
131296,284053,thor_collection
708574,575100,10_giorni_con_
107688,12154,3_men_collection
537279,303542,abdulaziz_alessa
537279,433150,abdulaziz_alessa
702624,537915,after_collection
8091,679,alien_collection
8091,8077,alien_collection
8091,8078,alien_collection
135502,9710,allan_quatermain
135502,9838,allan_quatermain
312735,15739,annie_collection
752944,140770,bhoot_collection
735,36586,blade_collection
735,36647,blade_collection
735,36648,blade_collection
747168,496,borat_moviefilms
442352,17350,brice_collection
64751,1948,crank_collection
64751,15092,crank_collection
553717,312221,creed_collection
553717,480530,creed_collection
178106,141,darko_collection
178106,17532,darko_collection
98430,10070,feast_collection
429409,75745,force_collection
99321,74135,gantz_collection
99321,56832,gantz_collection
110177,9763,goal_collection
110177,9815,goal_collection
110177,19139,goal_collection
378268,14695,havoc_collection
144689,10028,honey_collection
102782,11415,house_collection
102782,38084,house_collection
1972,11838,ju_on_collection
180501,46316,karla_collection
534673,16186,madea_collection
534673,16781,madea_collection
534673,51017,madea_collection
534673,175555,madea_collection
534673,26367,madea_collection
534673,103370,madea_collection
534673,464504,madea_collection
419784,403862,masti_collection
10721,10706,mimic_collection
10721,4961,mimic_collection
683139,299824,mojin_collection
87236,10674,mulan_collection
244242,25602,ninja_collection
244242,180894,ninja_collection
426103,242512,ouija_collection
426103,335796,ouija_collection
243811,103686,paradise_trilogy
124188,9682,pulse_collection
173344,21925,qatsi_collection
173344,24348,qatsi_collection
5039,7555,rambo_collection
5039,1368,rambo_collection
5039,1369,rambo_collection
5039,1370,rambo_collection
5039,522938,rambo_collection
93369,9669,ringu_collection
572498,148284,robot_collection
572498,373449,robot_collection
1575,1246,rocky_collection
1575,1366,rocky_collection
1575,1371,rocky_collection
1575,1374,rocky_collection
1575,1375,rocky_collection
2150,808,shrek_collection
2150,809,shrek_collection
2150,810,shrek_collection
2150,10192,shrek_collection
43064,1637,speed_collection
43064,1639,speed_collection
135483,82675,taken_collection
135483,8681,taken_collection
135483,260346,taken_collection
485645,441909,tiger_collection
123218,33061,troll_collection
101646,29670,vares_collection
101646,102234,vares_collection
101646,37988,vares_collection
101646,61125,vares_collection
101646,315061,vares_collection
558216,335983,venom_collection
628510,92834,vizontele_serisi
628510,57892,vizontele_serisi
748,127585,x_men_collection
748,49538,x_men_collection
748,36657,x_men_collection
748,36658,x_men_collection
748,36668,x_men_collection
748,320288,x_men_collection
748,246655,x_men_collection
409138,117629,yossi_collection
1657,1656,zorro_collection
1657,9342,zorro_collection
74508,10664,_rec_collection
74508,185341,_rec_collection
74508,80280,_rec_collection
74508,8329,_rec_collection
660359,282631,admiral_yi_series
508334,24795,angels_in_the_
170754,13665,arthur_collection
87096,19995,avatar_collection
506940,391629,baaghi_collection
104200,20081,bakgat_collection
104200,65413,bakgat_collection
350402,17644,barney_collection
120794,268,batman_collection
120794,364,batman_collection
120794,414,batman_collection
120794,415,batman_collection
359402,20779,bobule_collection
107461,62276,bummer_collection
257053,7340,carrie_collection
257053,7341,carrie_collection
8819,8839,casper_collection
182813,2292,clerks_collection
182813,2295,clerks_collection
86307,10328,cocoon_collection
86307,11285,cocoon_collection
98853,10134,cyborg_collection
140758,18442,decoys_collection
148603,103327,ducobu_collection
518467,47644,el_bosque_animado
12075,6007,elling_collection
182617,5680,elvira_collection
330555,34300,ernest_collection
330555,18935,ernest_collection
330555,18943,ernest_collection
330555,26386,ernest_collection
104833,14628,fletch_collection
104833,9749,fletch_collection
507481,14012,flicka_collection
43563,10426,friday_collection
43563,10471,friday_collection
43563,10634,friday_collection
386382,109445,frozen_collection
386382,330457,frozen_collection
86083,9037,grease_collection
86083,621,grease_collection
12087,11451,herbie_collection
737031,1620,hitman_collection
737031,249070,hitman_collection
86578,1690,hostel_collection
86578,1691,hostel_collection
528179,105001,iceman_collection
528179,490214,iceman_collection
70068,14756,ip_man_collection
70068,365222,ip_man_collection
70068,449924,ip_man_collection
246091,204435,krrish_collection
246091,32740,krrish_collection
120927,23698,mcdull_collection
484529,168114,murder_collection
122947,30379,omega_code_series
122947,29064,omega_code_series
270252,151960,planes_collection
270252,218836,planes_collection
119674,10576,psycho_collection
421084,19405,recess_collection
297371,18616,reeker_collection
547477,397852,rendel_collection
726945,17794,rolli_collection
726945,219499,rolli_collection
726945,404748,rolli_collection
593102,172528,saranae_the_movie
20970,441868,sarkar_collection
200350,110813,saxana_kolekce_
2602,41446,scream_collection
2602,4232,scream_collection
2602,4233,scream_collection
2602,4234,scream_collection
343944,191735,singam_collection
343944,62756,singam_collection
248126,2619,splash_collection
294172,42194,tekken_collection
599668,289510,the_blue_elephant
663600,44160,the_yusuf_trilogy
423877,31279,turkish_star_wars
429232,180371,vai_que_da_certo
133962,80109,wickie_collection
133962,22355,wickie_collection
93295,150,48_hrs_collection
93295,11595,48_hrs_collection
97445,20737,air_bud_collection
33938,29723,airport_collection
86027,812,aladdin_collection
748401,420817,aladdin_collection
110127,9535,analyze_collection
110127,9932,analyze_collection
422834,102899,ant_man_collection
422834,363088,ant_man_collection
573693,297802,aquaman_collection
619923,561557,ash_lad_collection
448758,284279,burnout_collection
52097,38277,camping_collection
256433,147405,dabangg_collection
256433,44425,dabangg_collection
256433,496339,dabangg_collection
582828,10434,damiel_and_cassiel
45154,9556,darkman_collection
142021,68029,dhamaal_collection
39244,20455,digimon_collection
355490,11229,freeway_collection
124901,43919,hatchet_collection
124901,11908,hatchet_collection
17235,11253,hellboy_collection
17235,1487,hellboy_collection
8354,425,ice_age_collection
8354,57800,ice_age_collection
8354,950,ice_age_collection
8354,8355,ice_age_collection
8354,278154,ice_age_collection
17178,9012,jackass_collection
17178,16290,jackass_collection
17178,12094,jackass_collection
17178,208134,jackass_collection
285564,25,jarhead_collection
605516,72545,journey_collection
605516,88751,journey_collection
495527,8844,jumanji_collection
495527,353486,jumanji_collection
495527,512200,jumanji_collection
691535,20015,km_31_coleccion
210006,23631,machete_collection
210006,106747,machete_collection
8945,9355,mad_max_collection
8945,76341,mad_max_collection
8945,8810,mad_max_collection
544669,211672,minions_collection
105324,13515,mirrors_collection
162782,309665,mommies_collection
85960,4032,my_girl_collection
304,161,ocean_s_collection
304,163,ocean_s_collection
304,298,ocean_s_collection
94589,16353,ong_bak_collection
108804,9017,outpost_collection
109592,10246,porky_s_collection
109592,19698,porky_s_collection
109592,23919,porky_s_collection
561978,10265,raiders_collection
568294,66125,red_dog_collection
504984,423525,reunion_collection
5547,5548,robocop_collection
5547,5549,robocop_collection
5547,5550,robocop_collection
57129,14444,rugrats_collection
57129,16340,rugrats_collection
57129,20694,rugrats_collection
724848,287947,shazam_collection
496796,273481,sicario_collection
496796,400535,sicario_collection
484312,42684,skyline_collection
484312,271404,skyline_collection
9887,9348,species_collection
86092,85446,step_up_collection
86092,9762,step_up_collection
86092,8328,step_up_collection
86092,41233,step_up_collection
86092,243683,step_up_collection
161373,149085,tai_chi_collection
666337,321258,the_boy_collection
264335,10389,the_eye_collection
264335,24674,the_eye_collection
264335,51322,the_eye_collection
742536,345940,the_meg_collection
328073,1642,the_net_collection
68589,7281,the_wixxer_trilogy
170452,8831,timecop_collection
531330,744,top_gun_collection
91799,9362,tremors_collection
86112,10294,vacancy_collection
93731,7553,waiting_collection
87536,24126,warlock_collection
87536,11342,warlock_collection
126220,29095,waxwork_collection
533711,346652,wolfcop_collection
668104,331249,kui_ba_xi_lie_
732461,64686,47_ronin_collection
91663,813,airplane_collection
91663,2665,airplane_collection
124949,310,almighty_collection
124949,2698,almighty_collection
105995,9360,anaconda_collection
105995,11237,anaconda_collection
100965,10865,atlantis_collection
14890,8961,bad_boys_collection
14890,9737,bad_boys_collection
487376,376659,bad_moms_collection
487376,431530,bad_moms_collection
705665,378102,boboiboy_collection
705665,616473,boboiboy_collection
257571,23730,c_h_u_d_collection
98580,9529,candyman_collection
98580,10824,candyman_collection
372479,42843,collection_les_boys
10893,3980,critters_collection
10893,10127,critters_collection
448150,293660,deadpool_collection
448150,383498,deadpool_collection
1570,47964,die_hard_collection
1570,562,die_hard_collection
1570,1571,die_hard_collection
1570,1572,die_hard_collection
1570,1573,die_hard_collection
148065,575222,doraemon_collection
55427,49948,fantasia_collection
86341,12088,fortress_collection
86115,8920,garfield_collection
86115,9513,garfield_collection
535313,124905,godzilla_collection
535313,373571,godzilla_collection
108043,82450,hamilton_collection
314023,26452,hercules_collection
745296,8386,how_high_collection
483535,264419,huevos_collection
131292,1726,iron_man_collection
131292,68721,iron_man_collection
131292,10138,iron_man_collection
312977,10679,iron_sky_collection
312977,302349,iron_sky_collection
259085,38543,ironclad_collection
353325,10956,joe_dirt_collection
166378,10866,joy_ride_collection
179892,23483,kick_ass_collection
179892,59859,kick_ass_collection
391860,207703,kingsman_collection
391860,343668,kingsman_collection
328372,14560,mall_cop_collection
328372,256961,mall_cop_collection
726869,2293,mallrats_collection
280504,27582,mechanic_collection
280504,278924,mechanic_collection
306926,43933,monsters_collection
103372,1268,mr_bean_collection
103372,1281,mr_bean_collection
239595,139380,nativity_collection
124426,46523,new_kids_collection
124426,79723,new_kids_collection
47770,15158,phantasm_collection
34055,10228,pokemon_collection
34055,10991,pokemon_collection
34055,12599,pokemon_collection
399,106,predator_collection
399,169,predator_collection
399,34851,predator_collection
399,346910,predator_collection
131989,31060,recep_ivedik_series
221111,9257,s_w_a_t_collection
738438,188640,shootout_collection
135179,187,sin_city_collection
135179,189,sin_city_collection
357173,82507,sinister_collection
357173,283445,sinister_collection
600141,191421,so_young_collection
86486,56288,spy_kids_collection
86486,9488,spy_kids_collection
86486,12279,spy_kids_collection
86486,10054,spy_kids_collection
44215,2164,stargate_collection
533603,139156,stars_80_collection
8537,11411,superman_collection
8537,1924,superman_collection
8537,9531,superman_collection
8537,8536,superman_collection
8537,1452,superman_collection
223564,8843,the_cell_collection
9436,10546,the_crow_collection
9436,9495,the_crow_collection
340623,40729,the_gate_collection
741052,281701,the_lion_men_series
741052,440990,the_lion_men_series
43072,10214,the_mask_collection
43072,854,the_mask_collection
10919,10766,the_omen_collection
10919,10768,the_omen_collection
292068,111440,the_pact_collection
257960,180299,the_raid_collection
205029,19595,the_reef_collection
14563,10320,the_ring_collection
14563,14564,the_ring_collection
14563,565,the_ring_collection
2248,59117,torrente_collection
2248,1285,torrente_collection
2248,254869,torrente_collection
509686,15800,trekkies_collection
725873,227306,unbroken_collection
725873,506680,unbroken_collection
348843,9945,vampires_collection
151263,860,wargames_collection
600207,11052,yu_gi_oh_collection
221622,17134,12_rounds_collection
121195,10068,9_1_2_weeks_collection
694602,9444,anastasia_collection
93791,109443,anchorman_collection
93791,8699,anchorman_collection
402074,250546,annabelle_collection
402074,396422,annabelle_collection
402074,521029,annabelle_collection
673576,187442,asu_mare_collection
350309,350312,baahubali_collection
350309,256040,baahubali_collection
597142,2924,backdraft_collection
423173,10147,bad_santa_collection
423173,338964,bad_santa_collection
390202,108052,battle_of_the_brides
168880,10438,beethoven_collection
123800,76,before_collection
123800,80,before_collection
123800,132344,before_collection
466291,47954,borgriki_collection
418219,107916,carmina_coleccion
256484,39283,carnosaur_collection
86553,56937,cold_prey_collection
107725,16281,creepshow_collection
107725,16288,creepshow_collection
286038,14451,dead_snow_collection
286038,241842,dead_snow_collection
283579,157350,divergent_collection
283579,262500,divergent_collection
283579,262504,divergent_collection
100286,4517,elizabeth_collection
100286,4518,elizabeth_collection
531799,4523,enchanted_collection
1960,109428,evil_dead_collection
1960,764,evil_dead_collection
1960,765,evil_dead_collection
1960,766,evil_dead_collection
19160,13225,ferngully_collection
108669,11665,get_smart_collection
108669,26200,get_smart_collection
180546,109418,grown_ups_collection
180546,38365,grown_ups_collection
91361,11442,halloween_collection
91361,11675,halloween_collection
91361,10676,halloween_collection
91361,10987,halloween_collection
91361,11281,halloween_collection
91361,11357,halloween_collection
91361,11361,halloween_collection
91361,424139,halloween_collection
142015,85052,housefull_collection
228446,49018,insidious_collection
228446,91586,insidious_collection
228446,280092,insidious_collection
228446,406563,insidious_collection
404609,245891,john_wick_collection
404609,324552,john_wick_collection
404609,458156,john_wick_collection
105322,10222,kickboxer_collection
2883,24,kill_bill_collection
2883,393,kill_bill_collection
135498,31947,king_kong_collection
215452,53174,kokowaah_filmreihe
474013,50025,kolpacino_collection
363014,21972,like_mike_collection
124951,34376,mannequin_collection
124951,10019,mannequin_collection
576490,140870,minuscule_collection
104202,36267,mr_bones_collection
529539,98335,musallat_film_serisi
529539,43640,musallat_film_serisi
37139,36593,naked_gun_collection
37139,37136,naked_gun_collection
37139,37137,naked_gun_collection
400700,195589,neighbors_collection
400700,325133,neighbors_collection
324703,74639,overheard_collection
179244,5683,pee_wee_s_collection
55422,16690,peter_pan_collection
96677,15384,red_cliff_collection
96679,9285,road_trip_collection
349889,15618,robot_jox_collection
90863,2109,rush_hour_collection
90863,5174,rush_hour_collection
90863,5175,rush_hour_collection
122017,9102,screamers_collection
286023,248504,sharknado_collection
286023,331446,sharknado_collection
247294,10802,showgirls_collection
722961,2300,space_jam_collection
275402,11836,spongebob_collection
275402,228165,spongebob_collection
728776,265712,stand_by_me_doraemon
10,11,star_wars_collection
10,140607,star_wars_collection
10,1891,star_wars_collection
10,1892,star_wars_collection
10,1893,star_wars_collection
10,1894,star_wars_collection
10,1895,star_wars_collection
10,181808,star_wars_collection
10,181812,star_wars_collection
436295,9408,surf_s_up_collection
43066,15582,teen_wolf_collection
161314,1803,the_angel_collection
424830,23069,the_benji_collection
239766,1826,the_klapisch_trilogy
239766,1555,the_klapisch_trilogy
1733,1734,the_mummy_collection
1733,1735,the_mummy_collection
1733,564,the_mummy_collection
256322,158015,the_purge_collection
256322,316727,the_purge_collection
256322,238636,the_purge_collection
256322,442249,the_purge_collection
330605,9277,the_sting_collection
479888,60935,the_thing_collection
479888,1091,the_thing_collection
10194,862,toy_story_collection
10194,863,toy_story_collection
10194,10193,toy_story_collection
10194,301528,toy_story_collection
97156,49818,varg_veum_collection
97156,76304,varg_veum_collection
352789,9398,zoolander_collection
352789,329833,zoolander_collection
142680,2043,alex_cross_collection
142680,9437,alex_cross_collection
142680,94348,alex_cross_collection
133887,46009,apocalypse_collection
176097,21301,barbershop_collection
176097,10611,barbershop_collection
176097,326423,barbershop_collection
97307,168705,bloodrayne_collection
97307,17456,bloodrayne_collection
36694,11690,bloodsport_collection
115839,9266,blue_crush_collection
104847,11977,caddyshack_collection
104847,18509,caddyshack_collection
363966,11243,care_bears_collection
371950,41070,dark_woods_collection
651960,52414,death_bell_collection
102019,16007,death_note_collection
102019,16140,death_note_collection
102019,20329,death_note_collection
86116,10483,death_race_collection
14377,34746,death_wish_collection
14377,13939,death_wish_collection
14377,26263,death_wish_collection
14377,24873,death_wish_collection
14377,14373,death_wish_collection
9328,1634,free_willy_collection
52835,21435,french_fried_vacation
508783,257445,goosebumps_collection
508783,442062,goosebumps_collection
92012,65759,happy_feet_collection
92012,9836,happy_feet_collection
8917,9003,hellraiser_collection
8917,11569,hellraiser_collection
8917,9064,hellraiser_collection
8917,8766,hellraiser_collection
8050,13360,highlander_collection
8050,12211,highlander_collection
8050,8009,highlander_collection
8050,8010,highlander_collection
8050,8011,highlander_collection
166376,9383,hollow_man_collection
9888,771,home_alone_collection
9888,772,home_alone_collection
9888,9714,home_alone_collection
52988,9255,hot_shots_collection
52988,9595,hot_shots_collection
631194,388,inside_man_collection
645,206647,james_bond_collection
645,253,james_bond_collection
645,37724,james_bond_collection
645,36557,james_bond_collection
645,36643,james_bond_collection
645,36669,james_bond_collection
645,36670,james_bond_collection
645,10764,james_bond_collection
645,681,james_bond_collection
645,682,james_bond_collection
645,691,james_bond_collection
645,699,james_bond_collection
645,700,james_bond_collection
645,707,james_bond_collection
645,708,james_bond_collection
645,709,james_bond_collection
645,710,james_bond_collection
645,714,james_bond_collection
501774,107775,jarle_klepp_trilogien
24726,21041,johan_falk_collection
159603,13185,kidulthood_collection
353708,17285,kill_buljo_collection
722971,546554,knives_out_collection
747063,127606,kuntilanak_collection
520965,279096,lazer_team_collection
14740,10527,madagascar_collection
14740,80321,madagascar_collection
14740,953,madagascar_collection
328247,77930,magic_mike_collection
328247,264999,magic_mike_collection
416491,41955,major_korenev_trilogy
416491,41957,major_korenev_trilogy
531331,102651,maleficent_collection
531331,420809,maleficent_collection
458558,11631,mamma_mia_collection
458558,458423,mamma_mia_collection
254636,14240,maniac_cop_collection
99606,10625,mean_girls_collection
721108,10955,mr_ripley_collection
721108,1213,mr_ripley_collection
86113,83,open_water_collection
86113,9592,open_water_collection
86113,420707,open_water_collection
239525,115969,osamu_tezuka_s_buddha
488924,116149,paddington_collection
488924,346648,paddington_collection
177695,28827,peter_bell_collection
104830,71668,piranha_3d_collection
104830,43593,piranha_3d_collection
136214,10530,pocahontas_collection
48188,9264,poison_ivy_collection
123255,8617,prom_night_collection
135416,126889,prometheus_collection
135416,70981,prometheus_collection
123932,13812,quarantine_collection
705731,87462,relentless_collection
376650,168530,ride_along_collection
376650,323675,ride_along_collection
224976,10135,road_house_collection
86860,9637,scooby_doo_collection
86860,11024,scooby_doo_collection
181502,25164,screwballs_collection
103573,6279,sister_act_collection
103573,2005,sister_act_collection
374930,164372,snow_queen_collection
556,557,spider_man_collection
556,558,spider_man_collection
556,559,spider_man_collection
473843,52015,stake_land_collection
176118,11637,the_are_we_collection
176118,10172,the_are_we_collection
31562,49040,the_bourne_collection
31562,2501,the_bourne_collection
31562,2502,the_bourne_collection
31562,2503,the_bourne_collection
31562,324668,the_bourne_collection
464577,49519,the_croods_collection
579896,483165,the_fixies_collection
1974,1970,the_grudge_collection
1974,1975,the_grudge_collection
1974,1977,the_grudge_collection
121938,57158,the_hobbit_collection
121938,49051,the_hobbit_collection
121938,122917,the_hobbit_collection
166373,8975,the_marine_collection
2344,603,the_matrix_collection
2344,604,the_matrix_collection
2344,605,the_matrix_collection
256377,10208,the_muppet_collection
256377,64328,the_muppet_collection
256377,145220,the_muppet_collection
256377,10437,the_muppet_collection
105075,8850,the_shadow_collection
8647,11478,the_skulls_collection
489724,136799,the_trolls_collection
212123,209049,tiny_times_collection
212123,211711,tiny_times_collection
553902,246403,true_north_collection
553902,290825,true_north_collection
166379,34314,turbulence_collection
2326,277,underworld_collection
2326,52520,underworld_collection
2326,834,underworld_collection
2326,12437,underworld_collection
2326,346672,underworld_collection
117777,15070,undisputed_collection
117777,15255,undisputed_collection
117777,38234,undisputed_collection
506355,277685,unfriended_collection
506355,505058,unfriended_collection
178654,12227,white_fang_collection
135489,10351,wishmaster_collection
168186,17994,witchboard_collection
268098,199534,wolf_creek_collection
268098,9885,wolf_creek_collection
52985,9902,wrong_turn_collection
107471,6935,yamakasi_collection
9329,9086,young_guns_collection
9329,11967,young_guns_collection
537982,19908,zombieland_collection
537982,338967,zombieland_collection
3167,9273,ace_ventura_collection
3167,15338,ace_ventura_collection
3167,3049,ace_ventura_collection
726865,339403,baby_driver_collection
106000,16441,beastmaster_collection
106000,27549,beastmaster_collection
730166,14138,black_water_collection
64750,11531,blair_witch_collection
64750,2667,blair_witch_collection
64750,351211,blair_witch_collection
519018,353058,blood_feast_collection
430186,1588,bring_it_on_collection
201576,11547,cabin_fever_collection
718551,7443,chicken_run_collection
10456,10649,dirty_harry_collection
10456,10650,dirty_harry_collection
10456,10651,dirty_harry_collection
85946,15357,district_13_collection
85946,10045,district_13_collection
464125,257932,dragon_nest_collection
464125,408355,dragon_nest_collection
169452,8840,dragonheart_collection
470622,52908,echte_wiener_filmreihe
119581,7347,elite_squad_collection
525891,107846,escape_plan_collection
525891,440471,escape_plan_collection
255206,175806,famous_five_collection
255206,321620,famous_five_collection
255206,249053,famous_five_collection
286177,13054,footsoldier_collection
286177,373321,footsoldier_collection
90306,71676,ghost_rider_collection
90306,1250,ghost_rider_collection
169329,22436,gota_kanal_collection
412680,2019,hard_target_collection
141086,11827,heavy_metal_collection
279836,4326,herr_lehmann_filmreihe
87255,10982,hoodwinked_collection
87255,57089,hoodwinked_collection
159600,16094,house_party_collection
159600,16096,house_party_collection
212562,187017,jump_street_collection
212562,64688,jump_street_collection
215456,6076,keinohrhasen_filmreihe
97768,9825,lake_placid_collection
70764,14400,largo_winch_collection
70764,57331,largo_winch_collection
109082,37302,left_behind_collection
261590,13025,living_dead_collection
261590,29426,living_dead_collection
261590,11683,living_dead_collection
261590,924,living_dead_collection
261590,8408,living_dead_collection
261590,19185,living_dead_collection
107478,60189,lovey_dovey_collection
107478,62731,lovey_dovey_collection
107478,62732,lovey_dovey_collection
538387,55890,malevolence_collection
538387,54702,malevolence_collection
743954,416493,margarita_coleccion
230532,14306,marley_me_collection
66761,7484,open_season_collection
66761,382517,open_season_collection
363369,68726,pacific_rim_collection
363369,268896,pacific_rim_collection
629597,48034,petits_mouchoirs_les_
10453,10306,poltergeist_collection
10453,609,poltergeist_collection
10453,11133,poltergeist_collection
123256,26515,pumpkinhead_collection
98036,11429,re_animator_collection
98036,1694,re_animator_collection
167985,11011,richie_rich_collection
206857,171179,romantik_komedi_seri_
206857,38614,romantik_komedi_seri_
109079,287590,saint_seiya_collection
4246,4247,scary_movie_collection
4246,4248,scary_movie_collection
4246,4256,scary_movie_collection
4246,4257,scary_movie_collection
4246,4258,scary_movie_collection
296872,10007,see_no_evil_collection
395591,67308,sex_and_zen_collection
64748,588,silent_hill_collection
64748,61012,silent_hill_collection
206559,41592,streetdance_collection
206559,85373,streetdance_collection
87228,19142,swamp_thing_collection
716025,193314,the_alexandria_trilogy
116661,10547,the_arrival_collection
87258,9392,the_descent_collection
506363,299245,the_gallows_collection
476054,9542,the_hitcher_collection
174218,11298,the_howling_collection
387219,11873,the_hustler_collection
85945,15362,the_mesrine_collection
464308,227783,the_nut_job_collection
464308,335777,the_nut_job_collection
291090,291081,the_red_riding_trilogy
311102,89877,the_reunion_collection
311102,255746,the_reunion_collection
530064,694,the_shining_collection
530064,501170,the_shining_collection
19387,846,the_x_files_collection
19387,8836,the_x_files_collection
315595,13179,tinker_bell_collection
315595,25475,tinker_bell_collection
315595,44683,tinker_bell_collection
315595,75258,tinker_bell_collection
2467,1995,tomb_raider_collection
2467,1996,tomb_raider_collection
222634,23023,tooth_fairy_collection
261240,34698,u_pana_boga_collection
112399,8845,under_siege_collection
112399,3512,under_siege_collection
109608,7131,van_helsing_collection
52783,10673,wall_street_collection
52783,33909,wall_street_collection
102777,11804,white_noise_collection
102777,7006,white_noise_collection
33059,617,wild_things_collection
385721,16321,zu_warriors_collection
138908,84165,2_days_in_collection
285130,10845,2001_maniacs_collection
71458,16314,3_ninja_kids_collection
71458,18885,3_ninja_kids_collection
609452,609448,aakashaganga_collection
174245,10128,alien_nation_collection
2806,71552,american_pie_collection
2806,2105,american_pie_collection
2806,2770,american_pie_collection
2806,8273,american_pie_collection
525711,11870,big_fat_liar_collection
422837,78,blade_runner_collection
422837,335984,blade_runner_collection
96472,10009,brother_bear_collection
246839,10560,center_stage_collection
10455,10585,child_s_play_collection
10455,11932,child_s_play_collection
10455,11186,child_s_play_collection
10455,11187,child_s_play_collection
10455,11249,child_s_play_collection
91698,4551,chili_palmer_collection
91698,8012,chili_palmer_collection
473971,274167,daddy_s_home_collection
473971,419680,daddy_s_home_collection
48655,15895,deathstalker_collection
319850,196024,department_q_collection
319850,254201,department_q_collection
319850,348668,department_q_collection
319850,479226,department_q_collection
288491,227735,dolphin_tale_collection
288491,62837,dolphin_tale_collection
3169,10808,dr_dolittle_collection
3169,3050,dr_dolittle_collection
115822,10577,dracula_2000_collection
344830,216015,fifty_shades_collection
344830,337167,fifty_shades_collection
344830,341174,fifty_shades_collection
137697,12,finding_nemo_collection
137697,127380,finding_nemo_collection
98168,18086,fright_night_collection
98168,11797,fright_night_collection
2980,43074,ghostbusters_collection
2980,620,ghostbusters_collection
2980,2978,ghostbusters_collection
11794,10361,ginger_snaps_collection
11794,9871,ginger_snaps_collection
473849,37870,gukga_daepyo_collection
1241,671,harry_potter_collection
1241,672,harry_potter_collection
1241,673,harry_potter_collection
1241,674,harry_potter_collection
1241,675,harry_potter_collection
1241,767,harry_potter_collection
1241,12444,harry_potter_collection
1241,12445,harry_potter_collection
688042,384018,hobbs_shaw_collection
297501,89247,i_m_a_zombie_collection
403374,75780,jack_reacher_collection
403374,343611,jack_reacher_collection
293471,364387,jill_and_joy_collection
293471,438133,jill_and_joy_collection
519564,388045,las_leyendas_collection
482109,230731,louis_luca_collection
482109,374331,louis_luca_collection
256660,46489,magic_silver_collection
97771,9771,major_league_collection
97771,11067,major_league_collection
97771,9942,major_league_collection
209131,209112,man_of_steel_collection
209131,49521,man_of_steel_collection
527439,400650,mary_poppins_collection
86055,607,men_in_black_collection
86055,608,men_in_black_collection
86055,41154,men_in_black_collection
86055,479455,men_in_black_collection
633215,9013,midnight_run_collection
609514,199818,mystery_road_collection
35792,35019,nanny_mcphee_collection
35792,11283,nanny_mcphee_collection
232844,10488,nim_s_island_collection
132877,17808,painted_skin_collection
132877,124471,painted_skin_collection
122780,53086,paragraph_78_collection
10789,8913,pet_sematary_collection
10789,10906,pet_sematary_collection
595693,381719,peter_rabbit_collection
269098,11636,police_story_collection
269098,11134,police_story_collection
735856,115306,ricky_rapper_collection
735856,115656,ricky_rapper_collection
735856,143959,ricky_rapper_collection
735856,353641,ricky_rapper_collection
735856,293313,ricky_rapper_collection
735856,410917,ricky_rapper_collection
96680,7516,smokin_aces_collection
118828,11802,space_chimps_collection
124881,1266,street_kings_collection
690423,72478,suicide_room_collection
86311,99861,the_avengers_collection
86311,24428,the_avengers_collection
86311,299534,the_avengers_collection
86311,299536,the_avengers_collection
493523,400753,the_bachelor_collection
493523,491725,the_bachelor_collection
243598,16162,the_best_man_collection
243598,146304,the_best_man_collection
12263,9552,the_exorcist_collection
12263,11026,the_exorcist_collection
12263,12700,the_exorcist_collection
89151,927,the_gremlins_collection
89151,928,the_gremlins_collection
86119,45243,the_hangover_collection
86119,109439,the_hangover_collection
86119,18785,the_hangover_collection
393379,58595,the_huntsman_collection
393379,290595,the_huntsman_collection
9068,11980,the_prophecy_collection
635362,7220,the_punisher_collection
57971,11135,the_rescuers_collection
33514,8966,the_twilight_collection
33514,50619,the_twilight_collection
33514,50620,the_twilight_collection
33514,24021,the_twilight_collection
33514,18239,the_twilight_collection
269190,195757,the_ultimate_collection
556249,129850,the_vanished_collection
52888,248705,the_visitors_collection
122123,154922,three_heroes_collection
122123,33065,three_heroes_collection
122123,33534,three_heroes_collection
122123,422058,three_heroes_collection
122123,451172,three_heroes_collection
8650,1858,transformers_collection
8650,91314,transformers_collection
8650,38356,transformers_collection
8650,8373,transformers_collection
8650,335988,transformers_collection
8650,424783,transformers_collection
52760,12212,urban_legend_collection
52760,9877,urban_legend_collection
654203,117319,vishwaroopam_collection
535748,336882,wave_quake_collection
471435,452557,wolf_warrior_collection
468552,297762,wonder_woman_collection
410261,15789,a_goofy_movie_collection
521226,447332,a_quiet_place_collection
11716,2758,addams_family_collection
11716,2907,addams_family_collection
524837,341013,atomic_blonde_collection
1006,816,austin_powers_collection
1006,817,austin_powers_collection
1006,818,austin_powers_collection
632595,31117,baby_geniuses_collection
632595,22345,baby_geniuses_collection
16302,3177,battle_royale_collection
463398,137400,black_white_collection
8936,95610,bridget_jones_collection
8936,634,bridget_jones_collection
8936,9801,bridget_jones_collection
23170,50797,burnt_by_the_sun_trilogy
23170,65060,burnt_by_the_sun_trilogy
625861,6075,carlito_s_way_collection
150156,1406,city_slickers_collection
150156,11310,city_slickers_collection
164397,23535,class_of_1999_collection
518165,8914,deep_blue_sea_collection
86066,93456,despicable_me_collection
86066,20352,despicable_me_collection
86066,324852,despicable_me_collection
222639,48492,detective_dee_collection
86058,88,dirty_dancing_collection
86058,10677,dirty_dancing_collection
501769,253012,doktor_proktor_filmreihe
501769,377495,doktor_proktor_filmreihe
748919,300669,don_t_breathe_collection
84,85,indiana_jones_collection
84,87,indiana_jones_collection
84,89,indiana_jones_collection
84,217,indiana_jones_collection
174386,11968,into_the_blue_collection
328,329,jurassic_park_collection
328,330,jurassic_park_collection
328,331,jurassic_park_collection
328,135397,jurassic_park_collection
328,351286,jurassic_park_collection
661199,340401,kartoffelsalat_filmreihe
242948,71484,king_naresuan_collection
242948,24474,king_naresuan_collection
77816,140300,kung_fu_panda_collection
77816,49444,kung_fu_panda_collection
77816,9502,kung_fu_panda_collection
730820,44133,laughing_gor_xi_lie_
945,941,lethal_weapon_collection
945,942,lethal_weapon_collection
945,943,lethal_weapon_collection
945,944,lethal_weapon_collection
97461,11544,lilo_stitch_collection
349336,79880,macskafogo_gyujtemeny
393564,14908,mchale_s_navy_collection
518876,14745,molly_hartley_collection
9818,9312,mortal_kombat_collection
9818,9823,mortal_kombat_collection
473850,394110,my_sassy_girl_collection
437608,319341,papa_ou_maman_collection
179919,32657,percy_jackson_collection
179919,76285,percy_jackson_collection
168182,15417,philo_clyde_collection
168182,17169,philo_clyde_collection
306031,114150,pitch_perfect_collection
306031,353616,pitch_perfect_collection
306031,254470,pitch_perfect_collection
708816,9070,power_rangers_collection
708816,6499,power_rangers_collection
180854,28597,problem_child_collection
180854,11077,problem_child_collection
94602,417859,puss_in_boots_collection
8858,43730,rennschwein_rudi_russel
17255,71679,resident_evil_collection
17255,7737,resident_evil_collection
17255,173897,resident_evil_collection
17255,35791,resident_evil_collection
17255,1576,resident_evil_collection
17255,1577,resident_evil_collection
106011,56372,shadow_boxing_collection
106011,81298,shadow_boxing_collection
106011,56525,shadow_boxing_collection
59567,6038,shanghai_noon_collection
59567,8584,shanghai_noon_collection
86347,11966,short_circuit_collection
86347,2605,short_circuit_collection
76291,9010,simon_brenner_collection
76291,21467,simon_brenner_collection
12077,37565,st_trinian_s_collection
12077,10748,st_trinian_s_collection
99727,10996,stuart_little_collection
99727,10137,stuart_little_collection
531242,297761,suicide_squad_collection
475802,9372,super_size_me_collection
120608,20264,the_bodyguard_collection
96937,8968,the_boogeyman_collection
96937,14913,the_boogeyman_collection
519457,295693,the_boss_baby_collection
165369,21407,the_collector_collection
165369,134597,the_collector_collection
313086,138843,the_conjuring_collection
313086,259693,the_conjuring_collection
523855,156022,the_equalizer_collection
523855,345887,the_equalizer_collection
308645,18070,the_foreigner_collection
230,238,the_godfather_collection
230,242,the_godfather_collection
192492,1669,the_jack_ryan_collection
192492,9331,the_jack_ryan_collection
192492,9869,the_jack_ryan_collection
94032,8587,the_lion_king_collection
251970,8982,the_protector_collection
4438,4437,the_space_odyssey_series
487765,10665,the_strangers_collection
487765,371608,the_strangers_collection
453993,2080,the_wolverine_collection
453993,76170,the_wolverine_collection
453993,263115,the_wolverine_collection
316324,35756,tomme_tonner_collection
424202,180863,trainspotting_collection
278920,40264,vampires_suck_collection
8979,8872,wayne_s_world_collection
8979,8873,wayne_s_world_collection
140059,129745,we_were_there_collection
350836,16911,ren_yan_zhi_dao_xi_lie_
725154,22193,jia_you_xi_shi_xi_lie_
680712,297755,lin_ju_tong_ju_xi_lie_
386534,117263,_has_fallen_collection
386534,267860,_has_fallen_collection
386534,423204,_has_fallen_collection
635922,403119,47_meters_down_collection
635922,480105,47_meters_down_collection
466004,85435,a_few_best_men_collection
521291,168026,ah_boys_to_men_collection
521291,193173,ah_boys_to_men_collection
521291,343139,ah_boys_to_men_collection
91945,25678,american_ninja_collection
91945,12500,american_ninja_collection
166381,134371,atlas_shrugged_collection
166381,56780,atlas_shrugged_collection
166381,199933,atlas_shrugged_collection
466318,12309,bachelor_party_collection
86336,402,basic_instinct_collection
86336,3093,basic_instinct_collection
507070,421044,best_f_r_iends_collection
297299,20106,bullit_riper_collection
297299,139374,bullit_riper_collection
101688,11950,cannonball_run_collection
101688,12236,cannonball_run_collection
101688,11286,cannonball_run_collection
623911,299537,captain_marvel_collection
33071,20197,cheech_chong_collection
626668,211166,cities_of_love_collection
626668,2266,cities_of_love_collection
626668,12572,cities_of_love_collection
747498,12574,cop_and_a_half_collection
55428,9975,curious_george_collection
228887,10708,daddy_day_camp_collection
228887,14144,daddy_day_camp_collection
618529,284052,doctor_strange_collection
12203,12207,drunken_master_collection
9744,1979,fantastic_four_collection
9744,166424,fantastic_four_collection
9744,9738,fantastic_four_collection
409343,347126,god_s_not_dead_collection
409343,249660,god_s_not_dead_collection
119050,15602,grumpy_old_men_collection
43063,10167,half_past_dead_collection
30663,13335,harold_kumar_collection
30663,55465,harold_kumar_collection
30663,11282,harold_kumar_collection
86117,9486,johnny_english_collection
86117,58233,johnny_english_collection
86117,463272,johnny_english_collection
86024,10327,legally_blonde_collection
86024,8835,legally_blonde_collection
544310,472253,man_and_a_baby_collection
9649,9367,mexico_trilogy_collection
9649,8068,mexico_trilogy_collection
9649,1428,mexico_trilogy_collection
137696,62211,monsters_inc_collection
137696,585,monsters_inc_collection
537662,26691,neuilly_sa_mere_saga
382685,75656,now_you_see_me_collection
382685,291805,now_you_see_me_collection
669836,587272,padre_no_hay_mas_que_uno
9338,11546,police_academy_collection
9338,9336,police_academy_collection
9338,11895,police_academy_collection
9338,10157,police_academy_collection
115776,13448,robert_langdon_collection
115776,591,robert_langdon_collection
115776,207932,robert_langdon_collection
608103,479,shaft_reboot_collection
608103,486131,shaft_reboot_collection
388180,348537,spanish_affair_collection
143757,11601,stir_of_echoes_collection
160727,1931,stomp_the_yard_collection
449462,50022,super_troopers_collection
449462,39939,super_troopers_collection
395466,384344,tere_bin_laden_collection
397842,11449,the_amityville_collection
397842,16235,the_amityville_collection
397842,27214,the_amityville_collection
397842,10065,the_amityville_collection
25410,11398,the_art_of_war_collection
25410,13988,the_art_of_war_collection
107467,62737,the_best_movie_collection
120169,12137,the_crocodiles_collection
109609,9426,the_fly_1986_collection
699053,285697,the_fontainhas_collection
8580,1885,the_karate_kid_collection
8580,11231,the_karate_kid_collection
325470,137106,the_lego_movie_collection
325470,280217,the_lego_movie_collection
164395,9966,the_messengers_collection
24761,24253,the_millennium_collection
24761,15472,the_millennium_collection
138706,30666,the_stepfather_collection
528,218,the_terminator_collection
528,280,the_terminator_collection
528,296,the_terminator_collection
528,534,the_terminator_collection
528,87101,the_terminator_collection
528,290859,the_terminator_collection
631370,410481,thupparivaalan_collection
619537,396535,train_to_busan_collection
691371,24860,vincke_verstuyf_trilogy
404825,82690,wreck_it_ralph_collection
404825,404368,wreck_it_ralph_collection
353721,14114,you_got_served_collection
353721,66767,you_got_served_collection
584396,36618,zero_lithuania_collection
584396,437830,zero_lithuania_collection
591028,381289,a_dog_s_purpose_collection
591028,522518,a_dog_s_purpose_collection
591028,508763,a_dog_s_purpose_collection
251937,139038,a_haunted_house_collection
251937,184345,a_haunted_house_collection
241729,12819,alpha_and_omega_collection
86105,1359,american_psycho_collection
169123,9259,bibi_blocksberg_collection
417491,15049,bon_cop_bad_cop_collection
131295,1771,captain_america_collection
131295,100402,captain_america_collection
131295,271110,captain_america_collection
39199,257512,detective_conan_collection
96665,100042,dumb_and_dumber_collection
96665,8467,dumb_and_dumber_collection
96665,10152,dumb_and_dumber_collection
466388,246524,dugun_dernek_collection
373538,17386,enter_the_ninja_collection
115838,1103,escape_from_collection
115838,10061,escape_from_collection
397854,24227,excessive_force_collection
9735,10225,friday_the_13th_collection
9735,10281,friday_the_13th_collection
9735,11470,friday_the_13th_collection
9735,10283,friday_the_13th_collection
9735,10285,friday_the_13th_collection
9735,13207,friday_the_13th_collection
9735,6466,friday_the_13th_collection
9735,4488,friday_the_13th_collection
9735,9725,friday_the_13th_collection
9735,9728,friday_the_13th_collection
9735,9730,friday_the_13th_collection
9735,9731,friday_the_13th_collection
493668,45772,gnomeo_juliet_collection
493668,370567,gnomeo_juliet_collection
526380,440021,happy_death_day_collection
526380,512196,happy_death_day_collection
280588,227159,horrible_bosses_collection
280588,51540,horrible_bosses_collection
93221,39501,lange_flate_ballaer_series
461755,58764,lapland_odyssey_collection
461755,461757,lapland_odyssey_collection
190264,54486,lilly_the_witch_collection
693992,504800,locos_de_amor_coleccion
96676,8456,never_back_down_collection
133673,50289,olsenbanden_jr_collection
133673,30200,olsenbanden_jr_collection
133673,106456,olsenbanden_jr_collection
716198,63375,pelevin_by_ginzburg_series
589061,358962,queen_of_spades_collection
377491,182219,serial_teachers_collection
624521,263109,shaun_the_sheep_collection
102322,58574,sherlock_holmes_collection
102322,10528,sherlock_holmes_collection
689974,474395,teen_titans_go_collection
531315,153518,the_angry_birds_collection
531315,454640,the_angry_birds_collection
59586,13888,the_blue_lagoon_collection
59586,5689,the_blue_lagoon_collection
224478,9066,the_brady_bunch_collection
224478,12606,the_brady_bunch_collection
263,49026,the_dark_knight_collection
263,155,the_dark_knight_collection
263,272,the_dark_knight_collection
126166,16113,the_delta_force_collection
126125,138103,the_expendables_collection
126125,76163,the_expendables_collection
126125,27578,the_expendables_collection
351684,888,the_flintstones_collection
351684,889,the_flintstones_collection
520790,2176,the_glass_house_collection
751156,10439,the_hocus_pocus_collection
468222,9806,the_incredibles_collection
468222,260513,the_incredibles_collection
359005,32669,the_jake_gittes_collection
359005,829,the_jake_gittes_collection
97459,14873,the_jungle_book_collection
295130,198663,the_maze_runner_collection
295130,336843,the_maze_runner_collection
295130,294254,the_maze_runner_collection
392206,119892,the_monkey_king_collection
392206,381902,the_monkey_king_collection
392206,437543,the_monkey_king_collection
86334,11137,the_prince_me_collection
9518,4108,the_transporter_collection
9518,13387,the_transporter_collection
9518,9335,the_transporter_collection
9518,287948,the_transporter_collection
91660,4513,30_days_of_night_collection
91427,10923,agent_cody_banks_collection
91427,17047,agent_cody_banks_collection
25542,8359,an_american_girl_collection
497541,27275,arif_isik_in_maceralari
497541,24426,arif_isik_in_maceralari
497541,450720,arif_isik_in_maceralari
2396,99770,asterix_obelix_collection
2396,2395,asterix_obelix_collection
153948,238751,best_of_the_best_collection
86029,4327,charlie_s_angels_collection
86029,9471,charlie_s_angels_collection
437451,11247,cinderella_story_collection
9332,9290,crocodile_dundee_collection
9332,9396,crocodile_dundee_collection
9332,9671,crocodile_dundee_collection
52789,796,cruel_intentions_collection
743415,161908,de_pernas_pro_ar_collection
344555,233063,f_ck_you_goethe_collection
435259,338952,fantastic_beasts_collection
435259,259316,fantastic_beasts_collection
135466,134366,grave_encounters_collection
135466,50698,grave_encounters_collection
725600,17710,hey_arnold_movie_collection
304378,47933,independence_day_collection
304378,602,independence_day_collection
58588,10775,infernal_affairs_collection
237445,332,inspector_gadget_collection
94899,8922,jeepers_creepers_collection
94899,11351,jeepers_creepers_collection
397444,951,kindergarten_cop_collection
490673,50324,kurt_josef_wagle_collection
106784,47812,love_in_the_city_collection
106784,24686,love_in_the_city_collection
619533,530254,manyeo_the_witch_collection
51509,693,meet_the_parents_collection
51509,39451,meet_the_parents_collection
51509,1597,meet_the_parents_collection
168778,46003,perfect_stranger_collection
729083,45615,reindeerspotting_collection
50457,37786,sex_and_the_city_collection
50457,4564,sex_and_the_city_collection
492969,121734,the_adventures_of_tad_jones
632730,9957,the_benchwarmers_collection
131635,131631,the_hunger_games_collection
131635,131634,the_hunger_games_collection
131635,70160,the_hunger_games_collection
131635,101299,the_hunger_games_collection
279959,69798,the_inbetweeners_collection
10709,10414,the_mighty_ducks_collection
53159,11395,the_santa_clause_collection
53159,9021,the_santa_clause_collection
53159,13767,the_santa_clause_collection
146532,32654,the_storm_riders_collection
239430,67660,think_like_a_man_collection
239430,184098,think_like_a_man_collection
89135,16110,thomas_friends_collection
147220,17780,valami_amerika_gyujtemeny
529,533,wallace_gromit_collection
146534,10762,without_a_paddle_collection
3106,2269,world_of_watches_collection
3106,3040,world_of_watches_collection
17149,25114,20th_century_boys_collection
17149,36683,20th_century_boys_collection
201544,389201,a_chinese_odyssey_collection
201873,850,a_christmas_story_collection
149704,12142,alone_in_the_dark_collection
149704,12683,alone_in_the_dark_collection
124950,33258,american_graffiti_collection
102008,12795,another_gay_movie_collection
85861,90,beverly_hills_cop_collection
85861,96,beverly_hills_cop_collection
85861,306,beverly_hills_cop_collection
44979,11565,big_momma_s_house_collection
44979,9600,big_momma_s_house_collection
44979,38322,big_momma_s_house_collection
647077,9602,coming_to_america_collection
545955,455207,crazy_rich_asians_collection
620873,503314,dragon_ball_super_collection
8864,55779,final_destination_collection
8864,9286,final_destination_collection
8864,19912,final_destination_collection
8864,9358,final_destination_collection
8864,9532,final_destination_collection
155474,10711,french_connection_collection
374511,39256,godzilla_heisei_collection
117927,11059,house_of_the_dead_collection
627017,40505,i_got_the_hook_up_collection
576924,57209,inadequate_people_collection
97919,22488,love_comes_softly_collection
93220,10040,miss_congeniality_collection
93220,1493,miss_congeniality_collection
46512,15379,missing_in_action_collection
46512,12764,missing_in_action_collection
52984,2059,national_treasure_collection
52984,6637,national_treasure_collection
571845,276905,norm_of_the_north_collection
10522,563,starship_troopers_collection
10522,11127,starship_troopers_collection
107473,27046,the_irony_of_fate_collection
177675,146203,the_last_exorcism_collection
177675,38358,the_last_exorcism_collection
124935,11525,the_lawnmower_man_collection
124935,10163,the_lawnmower_man_collection
158373,18841,the_lost_skeleton_collection
116669,9334,the_scorpion_king_collection
144200,22586,the_swan_princess_collection
127280,15206,the_three_mothers_collection
32135,28165,the_toxic_avenger_collection
101385,9958,trailer_park_boys_collection
10713,10366,universal_soldier_collection
10713,9349,universal_soldier_collection
10713,28510,universal_soldier_collection
10713,122857,universal_soldier_collection
725681,16072,american_civil_war_collection
725681,10655,american_civil_war_collection
264,105,back_to_the_future_collection
264,165,back_to_the_future_collection
264,196,back_to_the_future_collection
272273,71781,balas_bolinhos_coleccao
272273,98472,balas_bolinhos_coleccao
98513,8007,behind_enemy_lines_collection
732397,268531,captain_underpants_collection
579306,579299,carpenter_andersen_collection
636165,218454,cementerio_general_collection
636165,451303,cementerio_general_collection
106498,9288,dungeons_dragons_collection
106498,11849,dungeons_dragons_collection
264914,46849,eye_of_the_dolphin_collection
244500,117691,gangs_of_wasseypur_collection
185103,159824,hotel_transylvania_collection
185103,76492,hotel_transylvania_collection
185103,400155,hotel_transylvania_collection
726870,2294,jay_and_silent_bob_collection
726870,440762,jay_and_silent_bob_collection
307637,9279,jingle_all_the_way_collection
522871,308529,kickboxer_reboot_collection
522871,447665,kickboxer_reboot_collection
735502,398690,long_long_time_ago_collection
735502,382486,long_long_time_ago_collection
9521,9494,look_who_s_talking_collection
9521,11982,look_who_s_talking_collection
106768,37135,tarzan_animation_collection
112636,11568,the_blues_brothers_collection
112636,525,the_blues_brothers_collection
3963,60670,the_crimson_rivers_collection
3963,60672,the_crimson_rivers_collection
709271,513691,the_debt_collector_collection
252313,24257,the_endless_summer_collection
33085,10144,the_little_mermaid_collection
141292,11704,the_secret_of_nimh_collection
74473,28396,the_valdemar_legacy_collector
74473,299340,the_valdemar_legacy_collector
315560,65086,the_woman_in_black_collection
315560,288158,the_woman_in_black_collection
645393,12277,undercover_brother_collection
174407,49478,warriors_of_virtue_collection
1565,170,28_days_weeks_later_collection
1565,1562,28_days_weeks_later_collection
261307,12155,alice_in_wonderland_collection
261307,241259,alice_in_wonderland_collection
531566,518068,along_with_the_gods_collection
86780,57165,clash_of_the_titans_collection
86780,18823,clash_of_the_titans_collection
43055,9387,conan_the_barbarian_collection
43055,9610,conan_the_barbarian_collection
96871,11862,father_of_the_bride_collection
10924,10213,from_dusk_till_dawn_collection
10924,12095,from_dusk_till_dawn_collection
10924,755,from_dusk_till_dawn_collection
87253,11887,high_school_musical_collection
456576,435800,journey_to_the_west_collection
87359,56292,mission_impossible_collection
87359,177677,mission_impossible_collection
87359,954,mission_impossible_collection
87359,955,mission_impossible_collection
87359,956,mission_impossible_collection
87359,353081,mission_impossible_collection
85943,18360,night_at_the_museum_collection
85943,181533,night_at_the_museum_collection
85943,1593,night_at_the_museum_collection
136218,27646,night_of_the_demons_collection
136218,24924,night_of_the_demons_collection
668003,513434,one_cut_of_the_dead_collection
41437,41436,paranormal_activity_collection
41437,72571,paranormal_activity_collection
41437,23827,paranormal_activity_collection
41437,227348,paranormal_activity_collection
41437,146301,paranormal_activity_collection
41437,82990,paranormal_activity_collection
89264,10303,romancing_the_stone_collection
89264,9326,romancing_the_stone_collection
306063,10105,saints_and_soldiers_collection
107469,9816,save_the_last_dance_collection
338282,9605,single_white_female_collection
478244,384641,spirits_homecoming_collection
551890,25066,tales_from_the_hood_collection
507956,11050,terms_of_endearment_collection
87186,22821,the_boondock_saints_collection
87186,8374,the_boondock_saints_collection
9743,274,the_hannibal_lecter_collection
9743,9533,the_hannibal_lecter_collection
9743,9740,the_hannibal_lecter_collection
9743,1248,the_hannibal_lecter_collection
96671,37169,the_human_centipede_collection
86028,9327,the_nutty_professor_collection
86028,12107,the_nutty_professor_collection
385719,33338,the_underdog_knight_collection
549872,151474,tom_sawyer_huck_finn_filmreihe
549872,104711,tom_sawyer_huck_finn_filmreihe
118221,8494,weekend_at_bernie_s_collection
115840,86868,would_i_lie_to_you_collection
362878,54639,yamla_pagla_deewana_collection
155408,161327,young_and_dangerous_collection
9380,9406,an_american_werewolf_collection
9380,814,an_american_werewolf_collection
153010,10020,beauty_and_the_beast_collection
439053,5894,brooklyn_cigar_store_collection
439053,10149,brooklyn_cigar_store_collection
188197,161545,cetto_la_qualunque_collezione
114783,9641,cheaper_by_the_dozen_collection
114783,11007,cheaper_by_the_dozen_collection
115225,25748,children_of_the_corn_collection
115225,10823,children_of_the_corn_collection
86110,60307,diary_of_a_wimpy_kid_collection
86110,82650,diary_of_a_wimpy_kid_collection
86110,33217,diary_of_a_wimpy_kid_collection
86110,417830,diary_of_a_wimpy_kid_collection
425164,303857,dragon_ball_z_movies_collection
126221,10603,george_of_the_jungle_collection
141084,5393,happily_n_ever_after_collection
313576,23048,hot_tub_time_machine_collection
313576,243938,hot_tub_time_machine_collection
219691,43947,i_spit_on_your_grave_collection
524014,532811,petterson_and_findus_collection
48190,14052,revenge_of_the_nerds_collection
288280,10805,saturday_night_fever_collection
507847,242713,siblings_are_forever_collection
115142,9059,tales_from_the_crypt_collection
115142,9431,tales_from_the_crypt_collection
208602,77448,that_s_entertainment_collection
208602,33740,that_s_entertainment_collection
501772,145247,the_100_year_old_man_collection
501772,404791,the_100_year_old_man_collection
52749,1954,the_butterfly_effect_collection
52749,16258,the_butterfly_effect_collection
19163,12144,the_land_before_time_collection
107674,9880,the_princess_diaries_collection
107674,11130,the_princess_diaries_collection
342577,228177,till_luck_do_us_part_collection
131780,52413,whispering_corridors_collection
140910,11497,all_dogs_go_to_heaven_collection
539554,1781,an_inconvenient_truth_collection
539554,432602,an_inconvenient_truth_collection
230161,58151,fright_night_reboot_collection
374512,36243,godzilla_millennium_collection
374512,10643,godzilla_millennium_collection
374512,12636,godzilla_millennium_collection
105625,1696,house_of_1000_corpses_collection
105625,2662,house_of_1000_corpses_collection
105625,489064,house_of_1000_corpses_collection
248339,11377,house_on_haunted_hill_collection
232407,35060,in_3_tagen_bist_du_tot_filmreihe
232407,1256,in_3_tagen_bist_du_tot_filmreihe
513585,1667,march_of_the_penguins_collection
721111,11808,marshal_samuel_gerard_collection
721111,5503,marshal_samuel_gerard_collection
455278,203217,my_mom_is_a_character_collection
455278,227932,my_mom_is_a_character_collection
101676,42324,my_wife_is_a_gangster_collection
727089,14199,sharkboy_and_lavagirl_collection
531241,315635,spider_man_avengers_collection
531241,429617,spider_man_avengers_collection
93446,53129,the_adventures_of_erast_fandorin
93446,59529,the_adventures_of_erast_fandorin
527964,139293,the_aswang_chronicles_collection
100970,10948,the_fox_and_the_hound_collection
575987,65754,the_girl_millennium_collection
575987,446807,the_girl_millennium_collection
696630,324849,the_lego_batman_movie_collection
119,120,the_lord_of_the_rings_collection
119,121,the_lord_of_the_rings_collection
119,122,the_lord_of_the_rings_collection
91430,34584,the_neverending_story_collection
91430,34636,the_neverending_story_collection
590010,305638,the_shamer_s_daughter_collection
590010,547066,the_shamer_s_daughter_collection
11173,1264,the_wild_soccer_bunch_collection
11173,51609,the_wild_soccer_bunch_collection
299748,11358,walking_tall_reboot_collection
143588,17202,why_did_i_get_married_collection
143588,35688,why_did_i_get_married_collection
499382,287486,vorchun_kollektsiia
592744,586764,benvenuto_presidente_collezione
501909,380124,boo_a_madea_halloween_collection
501909,459202,boo_a_madea_halloween_collection
135468,72559,g_i_joe_live_action_collection
135468,14869,g_i_joe_live_action_collection
506044,401252,la_nina_de_tus_ojos_coleccion
624920,8980,mortadelo_y_filemon_coleccion
624920,80446,mortadelo_y_filemon_coleccion
125574,1930,the_amazing_spider_man_collection
125574,102382,the_amazing_spider_man_collection
87805,8393,the_gods_must_be_crazy_collection
608101,390043,the_hitman_s_bodyguard_collection
372257,551,the_poseidon_adventure_collection
217704,11979,the_vampire_chronicles_collection
217704,628,the_vampire_chronicles_collection
243738,36046,the_work_and_the_glory_collection
243738,14631,the_work_and_the_glory_collection
243738,32523,the_work_and_the_glory_collection
167613,23398,alvin_and_the_chipmunks_collection
167613,6477,alvin_and_the_chipmunks_collection
167613,55301,alvin_and_the_chipmunks_collection
167613,258509,alvin_and_the_chipmunks_collection
87256,14405,beverly_hills_chihuahua_collection
284433,118340,guardians_of_the_galaxy_collection
284433,283995,guardians_of_the_galaxy_collection
754627,471339,hayflower_and_quiltshoe_collection
122922,2312,in_the_name_of_the_king_collection
425175,9373,texas_chainsaw_reboot_collection
425175,10781,texas_chainsaw_reboot_collection
111751,16337,texas_chainsaw_massacre_collection
111751,16780,texas_chainsaw_massacre_collection
111751,76617,texas_chainsaw_massacre_collection
111751,25018,texas_chainsaw_massacre_collection
157626,16452,the_comedians_of_comedy_collection
427084,328111,the_secret_life_of_pets_collection
427084,412117,the_secret_life_of_pets_collection
134897,41513,the_smurfs_theatrical_collection
134897,137116,the_smurfs_theatrical_collection
134897,77931,the_smurfs_theatrical_collection
10460,4407,the_three_investigators_collection
72119,9354,honey_i_shrunk_the_kids_collection
72119,11158,honey_i_shrunk_the_kids_collection
89137,166428,how_to_train_your_dragon_collection
89137,82702,how_to_train_your_dragon_collection
89137,10191,how_to_train_your_dragon_collection
389767,8346,my_big_fat_greek_wedding_collection
389767,302688,my_big_fat_greek_wedding_collection
295,22,pirates_of_the_caribbean_collection
295,58,pirates_of_the_caribbean_collection
295,1865,pirates_of_the_caribbean_collection
295,285,pirates_of_the_caribbean_collection
295,166426,pirates_of_the_caribbean_collection
573436,324857,spider_man_spider_verse_collection
728411,17578,the_adventures_of_tintin_collection
420,411,the_chronicles_of_narnia_collection
420,2454,the_chronicles_of_narnia_collection
420,10140,the_chronicles_of_narnia_collection
178117,11688,the_emperor_s_new_groove_collection
9485,168259,the_fast_and_the_furious_collection
9485,584,the_fast_and_the_furious_collection
9485,9615,the_fast_and_the_furious_collection
9485,13804,the_fast_and_the_furious_collection
9485,9799,the_fast_and_the_furious_collection
9485,82992,the_fast_and_the_furious_collection
9485,51497,the_fast_and_the_furious_collection
9485,337339,the_fast_and_the_furious_collection
89272,24266,the_man_from_snowy_river_collection
514992,33365,the_night_before_exams_collection
663273,16651,the_other_side_of_heaven_collection
103577,2069,the_whole_nine_ten_yards_collection
103577,2122,the_whole_nine_ten_yards_collection
8581,11596,a_nightmare_on_elm_street_collection
8581,377,a_nightmare_on_elm_street_collection
8581,10014,a_nightmare_on_elm_street_collection
8581,10072,a_nightmare_on_elm_street_collection
8581,11284,a_nightmare_on_elm_street_collection
8581,10131,a_nightmare_on_elm_street_collection
8581,10160,a_nightmare_on_elm_street_collection
85817,42949,arthur_and_the_invisibles_collection
85817,9992,arthur_and_the_invisibles_collection
85817,26505,arthur_and_the_invisibles_collection
261382,3683,clint_eastwood_s_iwo_jima_collection
261382,1251,clint_eastwood_s_iwo_jima_collection
380160,127775,die_kirche_bleibt_im_dorf_collection
101471,28260,return_of_the_living_dead_collection
101471,10925,return_of_the_living_dead_collection
101471,24929,return_of_the_living_dead_collection
2794,2787,the_chronicles_of_riddick_collection
2794,2789,the_chronicles_of_riddick_collection
2794,87421,the_chronicles_of_riddick_collection
665476,52812,blizkii_vrag_seriia_
680990,36171,wo_lao_po_wei_man_shi_ba_sui_xi_lie_
306937,74534,best_exotic_marigold_hotel_collection
306937,268238,best_exotic_marigold_hotel_collection
397341,287420,don_t_go_breaking_my_heart_collection
277739,10575,heaven_hell_and_purgatory_collection
531143,365961,hilfe_ich_habe_meine_geschrumpft
531143,454545,hilfe_ich_habe_meine_geschrumpft
482693,250219,i_can_quit_whenever_i_want_collection
605068,208540,once_upon_a_time_in_mumbai_collection
256296,27414,silent_night_deadly_night_collection
107465,322075,six_degrees_of_celebration_collection
107465,489648,six_degrees_of_celebration_collection
629830,18405,the_last_house_on_the_left_collection
138971,27767,the_slumber_party_massacre_collection
1952,1951,usa_land_of_opportunities_collection
1952,553,usa_land_of_opportunities_collection
91746,1648,bill_ted_s_most_excellent_collection
91746,1649,bill_ted_s_most_excellent_collection
108693,11418,national_lampoon_s_vacation_collection
108693,11419,national_lampoon_s_vacation_collection
108693,5825,national_lampoon_s_vacation_collection
108693,11153,national_lampoon_s_vacation_collection
108693,296099,national_lampoon_s_vacation_collection
173710,61791,planet_of_the_apes_reboot_collection
173710,119450,planet_of_the_apes_reboot_collection
173710,281338,planet_of_the_apes_reboot_collection
1709,1687,planet_of_the_apes_original_collection
1709,1688,planet_of_the_apes_original_collection
169740,150202,the_haunting_in_connecticut_collection
169740,18781,the_haunting_in_connecticut_collection
97456,10545,the_hunchback_of_notre_dame_collection
334356,97430,the_man_with_the_iron_fists_collection
145784,10606,the_philadelphia_experiment_collection
145784,35610,the_philadelphia_experiment_collection
937,46828,the_pink_panther_original_collection
937,36576,the_pink_panther_original_collection
937,9699,the_pink_panther_original_collection
937,12268,the_pink_panther_original_collection
124916,10481,101_dalmatians_live_action_collection
124916,11674,101_dalmatians_live_action_collection
502705,385243,8_svidanii_kollektsiia_
626517,411736,batman_adam_west_animation_collection
177696,24523,de_schippers_van_de_kameleon_collection
490650,16541,elias_the_little_rescue_boat_collection
490650,60733,elias_the_little_rescue_boat_collection
490650,490649,elias_the_little_rescue_boat_collection
19285,18009,leprechaun_collection_original_series_
19285,11811,leprechaun_collection_original_series_
735384,392044,murder_on_the_orient_express_collection
454520,192577,space_pirate_captain_harlock_collection
115575,188927,star_trek_alternate_reality_collection
115575,13475,star_trek_alternate_reality_collection
115575,54138,star_trek_alternate_reality_collection
1582,1497,teenage_mutant_ninja_turtles_collection
1582,1498,teenage_mutant_ninja_turtles_collection
1582,1499,teenage_mutant_ninja_turtles_collection
750822,481084,the_addams_family_animated_collection
8918,9792,the_hills_have_eyes_reboot_collection
8918,9793,the_hills_have_eyes_reboot_collection
579012,459616,the_new_adventures_of_aladin_collection
421904,14919,batman_dc_universe_animated_collection
421904,408648,batman_dc_universe_animated_collection
23026,12140,ghost_in_the_shell_animated_collection
126209,2082,halloween_rob_zombie_series_collection
126209,24150,halloween_rob_zombie_series_collection
43220,11452,national_lampoon_s_van_wilder_collection
43220,19824,national_lampoon_s_van_wilder_collection
724328,24927,night_of_the_living_dead_3d_collection
661025,34065,pokemon_advanced_generation_collection
661025,34067,pokemon_advanced_generation_collection
332357,6519,the_dukes_of_hazzard_reboot_collection
694606,36685,the_rocky_horror_picture_show_collection
463394,13430,always_sunset_on_third_street_collection
290973,146,crouching_tiger_hidden_dragon_collection
290973,263341,crouching_tiger_hidden_dragon_collection
752992,4193,hercule_poirot_peter_ustinov_collection
752992,4281,hercule_poirot_peter_ustinov_collection
258372,83865,ivan_tsarevich_the_grey_wolf_collection
143152,30606,mobile_suit_zeta_gundam_a_new_translation
115570,193,star_trek_the_next_generation_collection
115570,199,star_trek_the_next_generation_collection
115570,200,star_trek_the_next_generation_collection
115570,201,star_trek_the_next_generation_collection
151,152,star_trek_the_original_series_collection
151,154,star_trek_the_original_series_collection
151,157,star_trek_the_original_series_collection
151,168,star_trek_the_original_series_collection
151,172,star_trek_the_original_series_collection
151,174,star_trek_the_original_series_collection
141290,123,the_lord_of_the_rings_animated_collection
3601,3597,i_know_what_you_did_last_summer_collection
3601,3600,i_know_what_you_did_last_summer_collection
130440,12096,the_pink_panther_steve_martin_collection
130440,15159,the_pink_panther_steve_martin_collection
160792,125395,prudence_et_belisaire_beresford_collection
160792,31329,prudence_et_belisaire_beresford_collection
160792,15437,prudence_et_belisaire_beresford_collection
579870,262391,qu_est_ce_qu_on_a_fait_au_bon_dieu_saga
177467,109451,cloudy_with_a_chance_of_meatballs_collection
177467,22794,cloudy_with_a_chance_of_meatballs_collection
625812,37598,butch_cassidy_and_the_sundance_kid_collection
143755,10692,henry_portrait_of_a_serial_killer_collection
446782,157829,the_disappearance_of_eleanor_rigby_collection
463068,103751,taalla_pohjantahden_alla_timo_koivusalo_
313234,98344,warriors_of_the_rainbow_the_seediq_bale_saga
157671,36724,the_decline_of_western_civilization_collection
401562,98566,teenage_mutant_ninja_turtles_remake_collection
401562,308531,teenage_mutant_ninja_turtles_remake_collection
17368,9779,the_sisterhood_of_the_traveling_pants_collection
17368,10188,the_sisterhood_of_the_traveling_pants_collection
443996,18874,ghost_in_the_shell_stand_alone_complex_collection
315091,314952,chto_tvoriat_muzhchiny_kollektsiia_
137804,137801,nikto_ne_znaet_pro_seks_kollektsiia
268379,253222,korpus_za_b_rzo_reagirane_poreditsa_
