collection_id,collection_name
368982,MVP
754381,Trois
91588,OSS 117
362722,Fimfárum
544031,Nightmare
701644,Dragon Inn
129453,Eating Out
3292,Tulse Luper
603504,Yugo & Lala
643572,Chained Heat
272416,Lauras Stern
514978,Red Scorpion
470522,Storm Series
372070,The Watchers
160952,Caméra Café
362554,Ex Collection
390205,Fool for Love
477962,It Collection
666953,Kangaroo Jack
393744,Kiss Them All
701135,Mucize Serisi
399925,V8 Collection
125570,300 Collection
387618,8MM Collection
115762,AVP Collection
86797,Arn Collection
687929,Baztan Trilogy
86774,Che Collection
44724,Don Collection
171439,F/X Collection
88735,K-9 Collection
663490,Kurtlar Vadisi
456778,Max Collection
163902,RED Collection
229932,Rio Collection
656,Saw Collection
266672,Ted Collection
428046,Viy Collection
52785,xXx Collection
338313,Argo Collection
9435,Babe Collection
381396,Bats Collection
87118,Cars Collection
634390,Doom Collection
433061,Fred Collection
2366,Jaws Collection
736592,Mardaani - Saga
498578,Muni Collection
141615,Niko Collection
377545,Samurai Trilogy
285879,Seed Collection
544670,Sing Collection
253537,Spud Collection
63043,TRON Collection
211721,Taxi Collection
131296,Thor Collection
708574,10 giorni con...
107688,3 Men Collection
537279,Abdulaziz Alessa
702624,After Collection
8091,Alien Collection
135502,Allan Quatermain
312735,Annie Collection
752944,Bhoot Collection
735,Blade Collection
747168,Borat Moviefilms
442352,Brice Collection
64751,Crank Collection
553717,Creed Collection
178106,Darko Collection
98430,Feast Collection
429409,Force Collection
99321,Gantz Collection
110177,Goal! Collection
378268,Havoc Collection
144689,Honey Collection
102782,House Collection
1972,Ju-on Collection
180501,Karla Collection
534673,Madea Collection
419784,Masti Collection
10721,Mimic Collection
683139,Mojin Collection
87236,Mulan Collection
244242,Ninja Collection
426103,Ouija Collection
243811,Paradise Trilogy
124188,Pulse Collection
173344,Qatsi Collection
5039,Rambo Collection
93369,Ringu Collection
572498,Robot Collection
1575,Rocky Collection
2150,Shrek Collection
43064,Speed Collection
135483,Taken Collection
485645,Tiger Collection
123218,Troll Collection
101646,Vares Collection
558216,Venom Collection
628510,Vizontele Serisi
748,X-Men Collection
409138,Yossi Collection
1657,Zorro Collection
74508,[REC] Collection
660359,Admiral Yi series
508334,Angels in the ...
170754,Arthur Collection
87096,Avatar Collection
506940,Baaghi Collection
104200,Bakgat Collection
350402,Barney Collection
120794,Batman Collection
359402,Bobule Collection
107461,Bummer Collection
257053,Carrie Collection
8819,Casper Collection
182813,Clerks Collection
86307,Cocoon Collection
98853,Cyborg Collection
140758,Decoys Collection
148603,Ducobu Collection
518467,El Bosque Animado
12075,Elling Collection
182617,Elvira Collection
330555,Ernest Collection
104833,Fletch Collection
507481,Flicka Collection
43563,Friday Collection
386382,Frozen Collection
86083,Grease Collection
12087,Herbie Collection
737031,Hitman Collection
86578,Hostel Collection
528179,Iceman Collection
70068,Ip Man Collection
246091,Krrish Collection
120927,McDull Collection
484529,Murder Collection
122947,Omega Code Series
270252,Planes Collection
119674,Psycho Collection
421084,Recess Collection
297371,Reeker Collection
547477,Rendel Collection
726945,Rölli Collection
593102,Saranae The Movie
20970,Sarkar Collection
200350,Saxána (kolekce)
2602,Scream Collection
343944,Singam Collection
248126,Splash Collection
294172,Tekken Collection
599668,The Blue Elephant
663600,The Yusuf Trilogy
423877,Turkish Star Wars
429232,Vai Que Dá Certo
133962,Wickie Collection
93295,48 Hrs. Collection
97445,Air Bud Collection
33938,Airport Collection
86027,Aladdin Collection
748401,Aladdin Collection
110127,Analyze Collection
422834,Ant-Man Collection
573693,Aquaman Collection
619923,Ash Lad Collection
448758,Burnout Collection
52097,Camping Collection
256433,Dabangg Collection
582828,Damiel and Cassiel
45154,Darkman Collection
142021,Dhamaal Collection
39244,Digimon Collection
355490,Freeway Collection
124901,Hatchet Collection
17235,Hellboy Collection
8354,Ice Age Collection
17178,Jackass Collection
285564,Jarhead Collection
605516,Journey Collection
495527,Jumanji Collection
691535,KM 31 - Colección
210006,Machete Collection
8945,Mad Max Collection
544669,Minions Collection
105324,Mirrors Collection
162782,Mommies Collection
85960,My Girl Collection
304,Ocean's Collection
94589,Ong Bak Collection
108804,Outpost Collection
109592,Porky's Collection
561978,Raiders Collection
568294,Red Dog Collection
504984,Reunion Collection
5547,RoboCop Collection
57129,Rugrats Collection
724848,Shazam! Collection
496796,Sicario Collection
484312,Skyline Collection
9887,Species Collection
86092,Step Up Collection
161373,Tai Chi Collection
666337,The Boy Collection
264335,The Eye Collection
742536,The Meg Collection
328073,The Net Collection
68589,The Wixxer Trilogy
170452,Timecop Collection
531330,Top Gun Collection
91799,Tremors Collection
86112,Vacancy Collection
93731,Waiting Collection
87536,Warlock Collection
126220,Waxwork Collection
533711,WolfCop Collection
668104,魁拔（系列）
732461,47 Ronin Collection
91663,Airplane Collection
124949,Almighty Collection
105995,Anaconda Collection
100965,Atlantis Collection
14890,Bad Boys Collection
487376,Bad Moms Collection
705665,BoBoiBoy Collection
257571,C.H.U.D. Collection
98580,Candyman Collection
372479,Collection Les Boys
10893,Critters Collection
448150,Deadpool Collection
1570,Die Hard Collection
148065,Doraemon Collection
55427,Fantasia Collection
86341,Fortress Collection
86115,Garfield Collection
535313,Godzilla Collection
108043,Hamilton Collection
314023,Hercules Collection
745296,How High Collection
483535,Huevos - Collection
131292,Iron Man Collection
312977,Iron Sky Collection
259085,Ironclad Collection
353325,Joe Dirt Collection
166378,Joy Ride Collection
179892,Kick-Ass Collection
391860,Kingsman Collection
328372,Mall Cop Collection
726869,Mallrats Collection
280504,Mechanic Collection
306926,Monsters Collection
103372,Mr. Bean Collection
239595,Nativity Collection
124426,New Kids Collection
47770,Phantasm Collection
34055,Pokémon Collection
399,Predator Collection
131989,Recep Ivedik Series
221111,S.W.A.T. Collection
738438,Shootout Collection
135179,Sin City Collection
357173,Sinister Collection
600141,So Young Collection
86486,Spy Kids Collection
44215,Stargate Collection
533603,Stars 80 Collection
8537,Superman Collection
223564,The Cell Collection
9436,The Crow Collection
340623,The Gate Collection
741052,The Lion Men Series
43072,The Mask Collection
10919,The Omen Collection
292068,The Pact Collection
257960,The Raid Collection
205029,The Reef Collection
14563,The Ring Collection
2248,Torrente Collection
509686,Trekkies Collection
725873,Unbroken Collection
348843,Vampires Collection
151263,WarGames Collection
600207,Yu-Gi-Oh Collection
221622,12 Rounds Collection
121195,9½ Weeks Collection
694602,Anastasia Collection
93791,Anchorman Collection
402074,Annabelle Collection
673576,Asu Mare! Collection
350309,Baahubali Collection
597142,Backdraft Collection
423173,Bad Santa Collection
390202,Battle of the Brides
168880,Beethoven Collection
123800,Before... Collection
466291,Borgríki Collection
418219,Carmina - Colección
256484,Carnosaur Collection
86553,Cold Prey Collection
107725,Creepshow Collection
286038,Dead Snow Collection
283579,Divergent Collection
100286,Elizabeth Collection
531799,Enchanted Collection
1960,Evil Dead Collection
19160,FernGully Collection
108669,Get Smart Collection
180546,Grown Ups Collection
91361,Halloween Collection
142015,Housefull Collection
228446,Insidious Collection
404609,John Wick Collection
105322,Kickboxer Collection
2883,Kill Bill Collection
135498,King Kong Collection
215452,Kokowääh Filmreihe
474013,Kolpacino Collection
363014,Like Mike Collection
124951,Mannequin Collection
576490,Minuscule Collection
104202,Mr. Bones Collection
529539,Musallat Film Serisi
37139,Naked Gun Collection
400700,Neighbors Collection
324703,Overheard Collection
179244,Pee-wee's Collection
55422,Peter Pan Collection
96677,Red Cliff Collection
96679,Road Trip Collection
349889,Robot Jox Collection
90863,Rush Hour Collection
122017,Screamers Collection
286023,Sharknado Collection
247294,Showgirls Collection
722961,Space Jam Collection
275402,SpongeBob Collection
728776,Stand by Me Doraemon
10,Star Wars Collection
436295,Surf's Up Collection
43066,Teen Wolf Collection
161314,The Angel Collection
424830,The Benji Collection
239766,The Klapisch Trilogy
1733,The Mummy Collection
256322,The Purge Collection
330605,The Sting Collection
479888,The Thing Collection
10194,Toy Story Collection
97156,Varg Veum Collection
352789,Zoolander Collection
142680,Alex Cross Collection
133887,Apocalypse Collection
176097,Barbershop Collection
97307,BloodRayne Collection
36694,Bloodsport Collection
115839,Blue Crush Collection
104847,Caddyshack Collection
363966,Care Bears Collection
371950,Dark Woods Collection
651960,Death Bell Collection
102019,Death Note Collection
86116,Death Race Collection
14377,Death Wish Collection
9328,Free Willy Collection
52835,French Fried Vacation
508783,Goosebumps Collection
92012,Happy Feet Collection
8917,Hellraiser Collection
8050,Highlander Collection
166376,Hollow Man Collection
9888,Home Alone Collection
52988,Hot Shots! Collection
631194,Inside Man Collection
645,James Bond Collection
501774,Jarle Klepp-trilogien
24726,Johan Falk Collection
159603,Kidulthood Collection
353708,Kill Buljo Collection
722971,Knives Out Collection
747063,Kuntilanak Collection
520965,Lazer Team Collection
14740,Madagascar Collection
328247,Magic Mike Collection
416491,Major Korenev Trilogy
531331,Maleficent Collection
458558,Mamma Mia! Collection
254636,Maniac Cop Collection
99606,Mean Girls Collection
721108,Mr. Ripley Collection
86113,Open Water Collection
239525,Osamu Tezuka's Buddha
488924,Paddington Collection
177695,Peter Bell Collection
104830,Piranha 3D Collection
136214,Pocahontas Collection
48188,Poison Ivy Collection
123255,Prom Night Collection
135416,Prometheus Collection
123932,Quarantine Collection
705731,Relentless Collection
376650,Ride Along Collection
224976,Road House Collection
86860,Scooby-Doo Collection
181502,Screwballs Collection
103573,Sister Act Collection
374930,Snow Queen Collection
556,Spider-Man Collection
473843,Stake Land Collection
176118,The Are We Collection
31562,The Bourne Collection
464577,The Croods Collection
579896,The Fixies Collection
1974,The Grudge Collection
121938,The Hobbit Collection
166373,The Marine Collection
2344,The Matrix Collection
256377,The Muppet Collection
105075,The Shadow Collection
8647,The Skulls Collection
489724,The Trolls Collection
212123,Tiny Times Collection
553902,True North Collection
166379,Turbulence Collection
2326,Underworld Collection
117777,Undisputed Collection
506355,Unfriended Collection
178654,White Fang Collection
135489,Wishmaster Collection
168186,Witchboard Collection
268098,Wolf Creek Collection
52985,Wrong Turn Collection
107471,Yamakasi - Collection
9329,Young Guns Collection
537982,Zombieland Collection
3167,Ace Ventura Collection
726865,Baby Driver Collection
106000,Beastmaster Collection
730166,Black Water Collection
64750,Blair Witch Collection
519018,Blood Feast Collection
430186,Bring It On Collection
201576,Cabin Fever Collection
718551,Chicken Run Collection
10456,Dirty Harry Collection
85946,District 13 Collection
464125,Dragon Nest Collection
169452,DragonHeart Collection
470622,Echte Wiener Filmreihe
119581,Elite Squad Collection
525891,Escape Plan Collection
255206,Famous Five Collection
286177,Footsoldier Collection
90306,Ghost Rider Collection
169329,Göta kanal collection
412680,Hard Target Collection
141086,Heavy Metal Collection
279836,Herr Lehmann Filmreihe
87255,Hoodwinked! Collection
159600,House Party Collection
212562,Jump Street Collection
215456,Keinohrhasen Filmreihe
97768,Lake Placid Collection
70764,Largo Winch Collection
109082,Left Behind Collection
261590,Living Dead Collection
107478,Lovey-Dovey Collection
538387,Malevolence Collection
743954,Margarita - Colección
230532,Marley & Me Collection
66761,Open Season Collection
363369,Pacific Rim Collection
629597,Petits Mouchoirs (Les)
10453,Poltergeist Collection
123256,Pumpkinhead Collection
98036,Re-Animator Collection
167985,Richie Rich Collection
206857,Romantik Komedi [Seri]
109079,Saint Seiya Collection
4246,Scary Movie Collection
296872,See No Evil Collection
395591,Sex And Zen Collection
64748,Silent Hill Collection
206559,StreetDance Collection
87228,Swamp Thing Collection
716025,The Alexandria Trilogy
116661,The Arrival Collection
87258,The Descent Collection
506363,The Gallows Collection
476054,The Hitcher Collection
174218,The Howling Collection
387219,The Hustler Collection
85945,The Mesrine Collection
464308,The Nut Job Collection
291090,The Red Riding Trilogy
311102,The Reunion Collection
530064,The Shining Collection
19387,The X Files Collection
315595,Tinker Bell Collection
2467,Tomb Raider Collection
222634,Tooth Fairy Collection
261240,U Pana Boga Collection
112399,Under Siege Collection
109608,Van Helsing Collection
52783,Wall Street Collection
102777,White Noise Collection
33059,Wild Things Collection
385721,Zu Warriors Collection
138908,2 Days In... Collection
285130,2001 Maniacs Collection
71458,3 Ninja Kids Collection
609452,Aakashaganga Collection
174245,Alien Nation Collection
2806,American Pie Collection
525711,Big Fat Liar Collection
422837,Blade Runner Collection
96472,Brother Bear Collection
246839,Center Stage Collection
10455,Child's Play Collection
91698,Chili Palmer Collection
473971,Daddy's Home Collection
48655,Deathstalker Collection
319850,Department Q Collection
288491,Dolphin Tale Collection
3169,Dr. Dolittle Collection
115822,Dracula 2000 Collection
344830,Fifty Shades Collection
137697,Finding Nemo Collection
98168,Fright Night Collection
2980,Ghostbusters Collection
11794,Ginger Snaps Collection
473849,Gukga daepyo Collection
1241,Harry Potter Collection
688042,Hobbs & Shaw Collection
297501,I'm A Zombie Collection
403374,Jack Reacher Collection
293471,Jill and Joy Collection
519564,Las Leyendas Collection
482109,Louis & Luca Collection
256660,Magic Silver Collection
97771,Major League Collection
209131,Man of Steel Collection
527439,Mary Poppins Collection
86055,Men In Black Collection
633215,Midnight Run Collection
609514,Mystery Road Collection
35792,Nanny McPhee Collection
232844,Nim's Island Collection
132877,Painted Skin Collection
122780,Paragraph 78 Collection
10789,Pet Sematary Collection
595693,Peter Rabbit Collection
269098,Police Story Collection
735856,Ricky Rapper Collection
96680,Smokin' Aces Collection
118828,Space Chimps Collection
124881,Street Kings Collection
690423,Suicide Room Collection
86311,The Avengers Collection
493523,The Bachelor Collection
243598,The Best Man Collection
12263,The Exorcist Collection
89151,The Gremlins Collection
86119,The Hangover Collection
393379,The Huntsman Collection
9068,The Prophecy Collection
635362,The Punisher Collection
57971,The Rescuers Collection
33514,The Twilight Collection
269190,The Ultimate Collection
556249,The Vanished Collection
52888,The Visitors Collection
122123,Three Heroes Collection
8650,Transformers Collection
52760,Urban Legend Collection
654203,Vishwaroopam Collection
535748,Wave / Quake Collection
471435,Wolf Warrior Collection
468552,Wonder Woman Collection
410261,A Goofy Movie Collection
521226,A Quiet Place Collection
11716,Addams Family Collection
524837,Atomic Blonde Collection
1006,Austin Powers Collection
632595,Baby Geniuses Collection
16302,Battle Royale Collection
463398,Black & White Collection
8936,Bridget Jones Collection
23170,Burnt by the Sun Trilogy
625861,Carlito's Way Collection
150156,City Slickers Collection
164397,Class of 1999 Collection
518165,Deep Blue Sea Collection
86066,Despicable Me Collection
222639,Detective Dee Collection
86058,Dirty Dancing Collection
501769,Doktor Proktor Filmreihe
748919,Don't Breathe Collection
84,Indiana Jones Collection
174386,Into the Blue Collection
328,Jurassic Park Collection
661199,Kartoffelsalat Filmreihe
242948,King Naresuan Collection
77816,Kung Fu Panda Collection
730820,Laughing Gor（系列）
945,Lethal Weapon Collection
97461,Lilo & Stitch Collection
349336,Macskafogó gyűjtemény
393564,McHale's Navy Collection
518876,Molly Hartley Collection
9818,Mortal Kombat Collection
473850,My Sassy Girl Collection
437608,Papa ou Maman Collection
179919,Percy Jackson Collection
168182,Philo & Clyde Collection
306031,Pitch Perfect Collection
708816,Power Rangers Collection
180854,Problem Child Collection
94602,Puss in Boots Collection
8858,Rennschwein Rudi Rüssel
17255,Resident Evil Collection
106011,Shadow Boxing Collection
59567,Shanghai Noon Collection
86347,Short Circuit Collection
76291,Simon Brenner Collection
12077,St. Trinian's Collection
99727,Stuart Little Collection
531242,Suicide Squad Collection
475802,Super Size Me Collection
120608,The Bodyguard Collection
96937,The Boogeyman Collection
519457,The Boss Baby Collection
165369,The Collector Collection
313086,The Conjuring Collection
523855,The Equalizer Collection
308645,The Foreigner Collection
230,The Godfather Collection
192492,The Jack Ryan Collection
94032,The Lion King Collection
251970,The Protector Collection
4438,The Space Odyssey Series
487765,The Strangers Collection
453993,The Wolverine Collection
316324,Tomme Tønner Collection
424202,Trainspotting Collection
278920,Vampires Suck Collection
8979,Wayne's World Collection
140059,We Were There Collection
350836,人烟之岛（系列）
725154,家有喜事（系列）
680712,邻居同居（系列）
386534,... Has Fallen Collection
635922,47 Meters Down Collection
466004,A Few Best Men Collection
521291,Ah Boys to Men Collection
91945,American Ninja Collection
166381,Atlas Shrugged Collection
466318,Bachelor Party Collection
86336,Basic Instinct Collection
507070,Best F(r)iends Collection
297299,Bullit & Riper Collection
101688,Cannonball Run Collection
623911,Captain Marvel Collection
33071,Cheech & Chong Collection
626668,Cities of Love Collection
747498,Cop and a Half Collection
55428,Curious George Collection
228887,Daddy Day Camp Collection
618529,Doctor Strange Collection
12203,Drunken Master Collection
9744,Fantastic Four Collection
409343,God's Not Dead Collection
119050,Grumpy Old Men Collection
43063,Half Past Dead Collection
30663,Harold & Kumar Collection
86117,Johnny English Collection
86024,Legally Blonde Collection
544310,Man and a Baby Collection
9649,Mexico Trilogy Collection
137696,"Monsters, Inc. Collection"
537662,Neuilly sa mère ! - Saga
382685,Now You See Me Collection
669836,Padre no hay más que uno
9338,Police Academy Collection
115776,Robert Langdon Collection
608103,Shaft (Reboot) Collection
388180,Spanish Affair Collection
143757,Stir of Echoes Collection
160727,Stomp the Yard Collection
449462,Super Troopers Collection
395466,Tere Bin Laden Collection
397842,The Amityville Collection
25410,The Art of War Collection
107467,The Best Movie Collection
120169,The Crocodiles Collection
109609,The Fly (1986) Collection
699053,The Fontainhas Collection
8580,The Karate Kid Collection
325470,The Lego Movie Collection
164395,The Messengers Collection
24761,The Millennium Collection
138706,The Stepfather Collection
528,The Terminator Collection
631370,Thupparivaalan Collection
619537,Train to Busan Collection
691371,Vincke & Verstuyf trilogy
404825,Wreck-It Ralph Collection
353721,You Got Served Collection
584396,Zero Lithuania Collection
591028,A Dog's Purpose Collection
251937,A Haunted House Collection
241729,Alpha and Omega Collection
86105,American Psycho Collection
169123,Bibi Blocksberg Collection
417491,Bon Cop Bad Cop Collection
131295,Captain America Collection
39199,Detective Conan Collection
96665,Dumb and Dumber Collection
466388,Düğün Dernek Collection
373538,Enter the Ninja Collection
115838,Escape From ... Collection
397854,Excessive Force Collection
9735,Friday the 13th Collection
493668,Gnomeo & Juliet Collection
526380,Happy Death Day Collection
280588,Horrible Bosses Collection
93221,Lange Flate Ballær Series
461755,Lapland Odyssey Collection
190264,Lilly the Witch Collection
693992,Locos de amor - Colección
96676,Never Back Down Collection
133673,Olsenbanden Jr. Collection
716198,Pelevin by Ginzburg Series
589061,Queen of Spades Collection
377491,Serial Teachers Collection
624521,Shaun the Sheep Collection
102322,Sherlock Holmes Collection
689974,Teen Titans Go! Collection
531315,The Angry Birds Collection
59586,The Blue Lagoon Collection
224478,The Brady Bunch Collection
263,The Dark Knight Collection
126166,The Delta Force Collection
126125,The Expendables Collection
351684,The Flintstones Collection
520790,The Glass House Collection
751156,The Hocus Pocus Collection
468222,The Incredibles Collection
359005,The Jake Gittes Collection
97459,The Jungle Book Collection
295130,The Maze Runner Collection
392206,The Monkey King Collection
86334,The Prince & Me Collection
9518,The Transporter Collection
91660,30 Days of Night Collection
91427,Agent Cody Banks Collection
25542,An American Girl Collection
497541,Arif Işık'ın Maceraları
2396,Asterix & Obelix Collection
153948,Best of the Best Collection
86029,Charlie's Angels Collection
437451,Cinderella Story Collection
9332,Crocodile Dundee Collection
52789,Cruel Intentions Collection
743415,De Pernas Pro Ar Collection
344555,"F*ck You, Goethe Collection"
435259,Fantastic Beasts Collection
135466,Grave Encounters Collection
725600,Hey Arnold Movie Collection
304378,Independence Day Collection
58588,Infernal Affairs Collection
237445,Inspector Gadget Collection
94899,Jeepers Creepers Collection
397444,Kindergarten Cop Collection
490673,Kurt Josef Wagle Collection
106784,Love in the City Collection
619533,Manyeo The Witch Collection
51509,Meet the Parents Collection
168778,Perfect Stranger Collection
729083,Reindeerspotting Collection
50457,Sex and the City Collection
492969,The Adventures of Tad Jones
632730,The Benchwarmers Collection
131635,The Hunger Games Collection
279959,The Inbetweeners Collection
10709,The Mighty Ducks Collection
53159,The Santa Clause Collection
146532,The Storm Riders Collection
239430,Think Like a Man Collection
89135,Thomas & Friends Collection
147220,Valami Amerika gyűjtemény
529,Wallace & Gromit Collection
146534,Without a Paddle Collection
3106,World of Watches Collection
17149,20th Century Boys Collection
201544,A Chinese Odyssey Collection
201873,A Christmas Story Collection
149704,Alone in the Dark Collection
124950,American Graffiti Collection
102008,Another Gay Movie Collection
85861,Beverly Hills Cop Collection
44979,Big Momma's House Collection
647077,Coming to America Collection
545955,Crazy Rich Asians Collection
620873,Dragon Ball Super Collection
8864,Final Destination Collection
155474,French Connection Collection
374511,Godzilla (Heisei) Collection
117927,House of the Dead Collection
627017,I Got the Hook Up Collection
576924,Inadequate People Collection
97919,Love Comes Softly Collection
93220,Miss Congeniality Collection
46512,Missing in Action Collection
52984,National Treasure Collection
571845,Norm of the North Collection
10522,Starship Troopers Collection
107473,The Irony of Fate Collection
177675,The Last Exorcism Collection
124935,The Lawnmower Man Collection
158373,The Lost Skeleton Collection
116669,The Scorpion King Collection
144200,The Swan Princess Collection
127280,The Three Mothers Collection
32135,The Toxic Avenger Collection
101385,Trailer Park Boys Collection
10713,Universal Soldier Collection
725681,American Civil War Collection
264,Back to the Future Collection
272273,Balas & Bolinhos - Colecção
98513,Behind Enemy Lines Collection
732397,Captain Underpants Collection
579306,Carpenter Andersen Collection
636165,Cementerio General Collection
106498,Dungeons & Dragons Collection
264914,Eye of the Dolphin Collection
244500,Gangs of Wasseypur Collection
185103,Hotel Transylvania Collection
726870,Jay and Silent Bob Collection
307637,Jingle All the Way Collection
522871,Kickboxer (Reboot) Collection
735502,Long Long Time Ago Collection
9521,Look Who's Talking Collection
106768,Tarzan (Animation) Collection
112636,The Blues Brothers Collection
3963,The Crimson Rivers Collection
709271,The Debt Collector Collection
252313,The Endless Summer Collection
33085,The Little Mermaid Collection
141292,The Secret Of NIMH Collection
74473,The Valdemar Legacy Collector
315560,The Woman in Black Collection
645393,Undercover Brother Collection
174407,Warriors of Virtue Collection
1565,28 Days/Weeks Later Collection
261307,Alice in Wonderland Collection
531566,Along with the Gods Collection
86780,Clash of the Titans Collection
43055,Conan the Barbarian Collection
96871,Father of the Bride Collection
10924,From Dusk Till Dawn Collection
87253,High School Musical Collection
456576,Journey to the West Collection
87359,Mission: Impossible Collection
85943,Night at the Museum Collection
136218,Night of the Demons Collection
668003,One Cut of the Dead Collection
41437,Paranormal Activity Collection
89264,Romancing the Stone Collection
306063,Saints and Soldiers Collection
107469,Save The Last Dance Collection
338282,Single White Female Collection
478244,Spirits' Homecoming Collection
551890,Tales From the Hood Collection
507956,Terms of Endearment Collection
87186,The Boondock Saints Collection
9743,The Hannibal Lecter Collection
96671,The Human Centipede Collection
86028,The Nutty Professor Collection
385719,The Underdog Knight Collection
549872,Tom Sawyer/Huck Finn Filmreihe
118221,Weekend at Bernie's Collection
115840,Would I Lie to You? Collection
362878,Yamla Pagla Deewana Collection
155408,Young And Dangerous Collection
9380,An American Werewolf Collection
153010,Beauty and the Beast Collection
439053,Brooklyn Cigar Store Collection
188197,Cetto La Qualunque - Collezione
114783,Cheaper by the Dozen Collection
115225,Children of the Corn Collection
86110,Diary of a Wimpy Kid Collection
425164,Dragon Ball Z Movies Collection
126221,George of the Jungle Collection
141084,Happily N'Ever After Collection
313576,Hot Tub Time Machine Collection
219691,I Spit on Your Grave Collection
524014,Petterson and Findus Collection
48190,Revenge of the Nerds Collection
288280,Saturday Night Fever Collection
507847,Siblings Are Forever Collection
115142,Tales from the Crypt Collection
208602,That's Entertainment Collection
501772,The 100-Year Old Man Collection
52749,The Butterfly Effect Collection
19163,The Land Before Time Collection
107674,The Princess Diaries Collection
342577,Till Luck Do Us Part Collection
131780,Whispering Corridors Collection
140910,All Dogs Go to Heaven Collection
539554,An Inconvenient Truth Collection
230161,Fright Night (Reboot) Collection
374512,Godzilla (Millennium) Collection
105625,House of 1000 Corpses Collection
248339,House on Haunted Hill Collection
232407,In 3 Tagen bist du tot Filmreihe
513585,March of the Penguins Collection
721111,Marshal Samuel Gerard Collection
455278,My Mom is a Character Collection
101676,My Wife is a Gangster Collection
727089,Sharkboy and Lavagirl Collection
531241,Spider-Man (Avengers) Collection
93446,The Adventures of Erast Fandorin
527964,The Aswang Chronicles Collection
100970,The Fox and the Hound Collection
575987,The Girl - Millennium Collection
696630,The Lego Batman Movie Collection
119,The Lord of the Rings Collection
91430,The Neverending Story Collection
590010,The Shamer's Daughter Collection
11173,The Wild Soccer Bunch Collection
299748,Walking Tall (Reboot) Collection
143588,Why Did I Get Married Collection
499382,Ворчун. Коллекция
592744,Benvenuto Presidente - Collezione
501909,Boo! A Madea Halloween Collection
135468,G.I. Joe (Live-Action) Collection
506044,La niña de tus ojos - Colección
624920,Mortadelo y Filemón - Colección
125574,The Amazing Spider-Man Collection
87805,The Gods Must Be Crazy Collection
608101,The Hitman's Bodyguard Collection
372257,The Poseidon Adventure Collection
217704,The Vampire Chronicles Collection
243738,The Work and the Glory Collection
167613,Alvin and the Chipmunks Collection
87256,Beverly Hills Chihuahua Collection
284433,Guardians of the Galaxy Collection
754627,Hayflower and Quiltshoe Collection
122922,In the Name of the King Collection
425175,Texas Chainsaw (Reboot) Collection
111751,Texas Chainsaw Massacre Collection
157626,The Comedians Of Comedy Collection
427084,The Secret Life of Pets Collection
134897,The Smurfs (Theatrical) Collection
10460,The Three Investigators Collection
72119,"Honey, I Shrunk the Kids Collection"
89137,How to Train Your Dragon Collection
389767,My Big Fat Greek Wedding Collection
295,Pirates of the Caribbean Collection
573436,Spider-Man: Spider-Verse Collection
728411,The Adventures of Tintin Collection
420,The Chronicles of Narnia Collection
178117,The Emperor's New Groove Collection
9485,The Fast and the Furious Collection
89272,The Man From Snowy River Collection
514992,The Night Before Exams - Collection
663273,The Other Side of Heaven Collection
103577,The Whole Nine/Ten Yards Collection
8581,A Nightmare on Elm Street Collection
85817,Arthur and the Invisibles Collection
261382,Clint Eastwood's Iwo Jima Collection
380160,Die Kirche bleibt im Dorf Collection
101471,Return of the Living Dead Collection
2794,The Chronicles of Riddick Collection
665476,Близкий враг (Серия)
680990,我老婆未满十八岁（系列）
306937,Best Exotic Marigold Hotel Collection
397341,Don't Go Breaking My Heart Collection
277739,"Heaven, Hell and Purgatory Collection"
531143,"Hilfe, ich habe meine ... geschrumpft"
482693,I Can Quit Whenever I Want Collection
605068,Once Upon a Time in Mumbai Collection
256296,"Silent Night, Deadly Night Collection"
107465,Six Degrees of Celebration Collection
629830,The Last House on the Left Collection
138971,The Slumber Party Massacre Collection
1952,USA: Land of Opportunities Collection
91746,Bill & Ted's Most Excellent Collection
108693,National Lampoon's Vacation Collection
173710,Planet of the Apes (Reboot) Collection
1709,Planet of the Apes Original Collection
169740,The Haunting in Connecticut Collection
97456,The Hunchback of Notre Dame Collection
334356,The Man with the Iron Fists Collection
145784,The Philadelphia Experiment Collection
937,The Pink Panther (Original) Collection
124916,101 Dalmatians (Live-Action) Collection
502705,8 свиданий (Коллекция)
626517,Batman (Adam West) Animation Collection
177696,De Schippers van de Kameleon Collection
490650,Elias the Little Rescue Boat Collection
19285,Leprechaun Collection (Original Series)
735384,Murder on the Orient Express Collection
454520,Space Pirate Captain Harlock Collection
115575,Star Trek: Alternate Reality Collection
1582,Teenage Mutant Ninja Turtles Collection
750822,The Addams Family (animated) Collection
8918,The Hills Have Eyes (Reboot) Collection
579012,The New Adventures of Aladin Collection
421904,Batman (DC Universe Animated) Collection
23026,Ghost in the Shell (Animated) Collection
126209,Halloween (Rob Zombie Series) Collection
43220,National Lampoon's Van Wilder Collection
724328,Night of the Living Dead 3D - Collection
661025,Pokémon: Advanced Generation Collection
332357,The Dukes of Hazzard (Reboot) Collection
694606,The Rocky Horror Picture Show Collection
463394,Always: Sunset on Third Street Collection
290973,"Crouching Tiger, Hidden Dragon Collection"
752992,Hercule Poirot (Peter Ustinov) Collection
258372,Ivan Tsarevich & the Grey Wolf Collection
143152,Mobile Suit Zeta Gundam A New Translation
115570,Star Trek: The Next Generation Collection
151,Star Trek: The Original Series Collection
141290,The Lord of the Rings Animated Collection
3601,I Know What You Did Last Summer Collection
130440,The Pink Panther (Steve Martin) Collection
160792,Prudence et Bélisaire Beresford Collection
579870,Qu'est-ce qu'on a fait au Bon Dieu ? - Saga
177467,Cloudy with a Chance of Meatballs Collection
625812,Butch Cassidy and the Sundance Kid Collection
143755,Henry: Portrait of a Serial Killer Collection
446782,The Disappearance Of Eleanor Rigby Collection
463068,Täällä Pohjantähden alla (Timo Koivusalo)
313234,Warriors of the Rainbow: The Seediq Bale Saga
157671,The Decline of Western Civilization Collection
401562,Teenage Mutant Ninja Turtles (Remake) Collection
17368,The Sisterhood of the Traveling Pants Collection
443996,Ghost in the Shell: Stand Alone Complex Collection
315091,Что Творят мужчины! (Коллекция)
137804,Никто не знает про секс - Коллекция
268379,Корпус за бързо реагиране (поредица)
